date,arrestatiekaarten_rotterdam,boeken_bhic,westerborkkaarten_rotterdam,beeldbank_ede,beeldbank_peelenmaasnet,crowdsourcing_vught,beeldbank_leiden,wangerooge,radio_broadcasts_radio_de_branda,burgers_fokkerfabriek,beeldbank_jdc,drupal,beeldbank_coda,archives_dvdv,beeldbank_zaanstad,video_friesfilmarchief,kamp_buchenwald,gvn_nfa03,beeldbank_hclimburg,bibliotheek_gemeentearchief_zaan,video_oorloginblik,erelijst_niod,bombardement_blauwburgwal,personen_gemeentearchief_schieda,delpher,schemas,arbeidsinzet,ss_ebb_slachtoffers,matching_eng_inv,oorlogsdoden_tilburg,collectie_bdmuseum,residence_links,razzia_rotterdam_sijes,beeldbank_denbosch,beeldbank_geldersarchief,beeldbank_douwe_egberts_heritage,kamp_buchenwaldits,beeldbank_niod,radio_broadcasts_radio_herrijzen,archieven_streekarchief_voornepu,joodse_raad,crowdsource_links,personen_het_utrechts_archief,razzia_van_amsterdam_11_06_1941,beeldbank_rijssen,wo2_thesaurus,collectie_sovjet_ereveld,collectie_jck,archieven_waterland,collectie_bevrijdingsmuseumzeeland,huwelijken_westerbork,archieven_utrecht,collectie_kamp_vught,struikelstenen_achttiensept,slachtoffers_dordrecht,st_louis,archieven_geldersarchief,transporten_cosel,archieven_nijmegen,beeldbank_zeeuwsarchief,beeldbank_westbrabants,collectie_openbeelden,japansekrijgsgevangenkampennl_fu,bekendmakingen_groningen,interneringskaarten_knil,archieven_eemland,kamp_sachsenhausen,archieven_nimh,beeldbank_streekarchief_voornepu,stadhuisramp_heusden,persons,luchtoorlog_persoonlijke_gebeurt,personen_herinneringscentrum_kam,dans_oh_gv,kamp_neuengamme,beeldbank_rijckheyt,kamp_erika,oorlogsdoden_eindhoven,verkaufsbucher_na,andb_gesperrd,oorlogslevens_organisaties,rijksmuseum,archieven_mhmuseum,beeldbank_amsterdam,test_dataset_adamlink,overlijdensaktes_openarchives,collectie_ihc,boeken_onderduikmuseum,kampdachau_verzetsmuseum,regionaal_archief_rivierenland,commonwealth_war_graves,beeldbank_eemland,video_getuigenverhalen,archieven_groningerarchief,oorlogslevens_gebeurtenissen,cap_arcona,beeldbank_denhaag,gvn_evdo03,kindertransporten_kampvught,beeldbank_schiedam,oorlogsmonumenten,tewerkstelling_amsterdam,personen_museum_engelandvaarders,joods_monument_joodse_invalide,burgers_damincident,collectie_hdc__protestants_erfgo,evacuees_sudwest_fryslan,archieven_stadsarchief_rotterdam,toegangsboek_dachau_reinie,collectie_nederland_raf,brabantse_gesneuvelden,beeldbank_nimh,gvn_nfa02,beeldbank_zutphen,joodse_raadkleur,engelandvaarders,leden_ordedienst_na,video_ihlia,transport_buchenwald,beeldbank_waterland,archieven_historisch_centrum_ove,archieven_na,burgers_hattemerbroek,gemeentearchief_roermond,documentatiegroep,gemeente_peel_en_maas,iisg_cpn,personen_bij_bombardementen,wo2_organizations,vancouver_holocaust_education_ce,archieven_iish,beeldbank_alkmaar,personen_kazerne_dossin,research_anne_frank_org,lolkp_necrologie,dans_oh_ni,archieven_tilburg,its_amersfoort,beeldbank_gooienvecht,museum_rotterdam,marktkaarten_amsterdam,muziek_leosmitstichting,collectie_oranjehotel,beeldbank_nijmegen,spoorwegmuseum,herdenkingsstenen_amersfoort,its_vught,collectie_verzetsmuseumamsterdam,archieven_westfries,rotterdam_erasmiaans,razzia_amsterdam,boeken_catalogus_iish,archieven_denhaag,razzia_in_de_achterhoek,vervolgings_slachtoffers,kinderen_loods24,razzia_putten,limburgs_erfgoednet,nl_joden_bergen_belsen,razzia_merwede,beeldbank_barneveld,beeldbank_tilburg,personen_oranjehotel,beeldbank_nha,archieven_denbosch,archieven_noordhollands,rosenberg_archieven,boeken_groningerarchief,beeldbank_westfries_archief,personen_master_data,beeldbank_hcl,gvn_evdo02,vrouwen_van_trouw,dwangarbeiders_ss,archieven_zeist,collectie_museon,collectie_ehri,onderduikkaarten_tresoar,oproepkaarten_breda,archieven_gooienvecht,beeldbank_rce,nk_collectie_rce,verliesregister,joods_monument_slachtoffers,stolpersteine_zutphen,collectie_kopinsky,wo2_biografieen,wikidata_straten,duitseoverlijdensaktes_cbg,collectie_kazerne_dossin,beeldbank_utrecht,gedenkteken_luchtvarenden,beeldbank_gemert,interviewcollectie_veteraneninstituut,kamp_amersfoort,geni_volksmilitie,oorlogsdoden_goirle,beeldbank_heemkring_molenheide,ogs,archieven_de_domijnen,overlijdensaktes_wiewaswie,kamp_stmichielsgestel,bibliotheek_nijmegen,oorlogsdoden_nijmegen,kamp_sachsenhausenreinie,kaarten_nimh,gvn_geldmuseum01,affiches_nmm,brabant_in_beelden__bhic,transporten_vernietigingskampen,yad_vashem_archive_netherlands,collaboratie,bibliotheek_archief_eemland,drents_archief,obol,collectie_amsterdammuseum,razzia_van_twente,modemuze,beeldbank_sudwest_fryslan,collectie_westerbork,wo2_personen_pico,burgers_achtkarspelen,beeldbank_zeeuwsebibliotheek,affiches_groningen,atlasvanstolk,joods_monument_centraal_weeshuis,beeldbank_heusden,defensie_rafpiloten,paspoorten_amsterdam,beeldbank_hco,archieven_batavialand,kamp_ravensbruck,rodekruiskaarten_cbg,vrouwen_in_verzet,koopvaardij_nimh,beeldbank_regionaal_archief_dord,archieven_zeeuwsarchief,bidprentjes_limburgs_erfgoed,beeldbank_bhic,archievenwo2,korpora,schakers_in_wo2,ggc_niod,beeldbank_tresoar,agentenlijst_englandspiel,kamp_dachau,bombardement_rotterdam,beeldbank_weert,gvn_evdo01,beeldbank_stadsarchief_rotterdam,romaensinti,v_wapens,collectie_gelderland,wo2_manual_matches,beeldbank_breda,beeldbank_friesverzetsmuseum,radio_broadcasts_radio_oranje,collectie_fotopersbureau_de_boer,andb_diamantbewerkers,archieven_niod,archieven_gemeentearchief_zaanst,wo2_memberof,archieven_rijckheyt,razzia_van_rotterdam,scouts_in_de_oorlog,neerlandschverzetsmonument,archieven_alkmaar,beeldbank_na_fotos,mforce_media,muziek_som,boeken_ihlia,collectie_mhmuseum,videocollectie_stadsarchief_bred,kamp_mittelbau,subject_sport,kamp_theresienstadt,collectie_anne_frank_stichting,verzetskaarten_ovcg,wordsmatter,archieven_bhic,bronnen,archieven_leiden,beeldbank_tholen,archieven_en_beeldbank_historisc,collectie_stadsarchief_zoetermee
2023-08-08,,1130,,,,,,,,,,,,,,,,,,,,,,,,,,,,,,,,,,,,,,,,,,,,,,,,,,,,,,,,,,,,,,,,,,,,,,,,,,,,,,,,,,,,,,,,,,,,,,,,6151,,,,,,,,,,,,,,,,,,,,,,,,,,,,,,,,273,,,,,,,,,,,,,,,,,,,,,,32544,,,,,,,,,,,,,,,,,,,,,,,,,,,,,,,,,,,,,,,,,,,,,,,,,,,,,,,,,,,,,,,,,,,,,,,,,,,,,,,,,,,,,,,,,,,,,,,,,802,,,,,,,,,,,,,,,,,,,,,,861,,,,,,,,,,,,,,
2023-09-30,,,,485,,,,,,,,,,,,,,,,,,,,,,,,,,,,,,,323,,,,,,,,,,,,,,,17,,,,,,,,,,14,,,,,,,,,,,,,,,,,,,,,,,,,,,,,,,,,,,,,,,,,,,,,,,,,,,,,,,,,,,,,,,,,,,,,,,,,,,,,,,,,,,,,,,,,,,,,,,,,,,,,,,,,,,,,,,,,,,,989,,,,,,,,,,,,,,,,,,,,,,,,,,,265,,,,,,,,,,10,,,,,,,,,,,,,,,,,109,,,,,,,,,,,,,77232,,,,,,,,,,93,,,,,,,,,,,,,,,,,,,,,,,,,,,,,,,,
2023-10-01,,,,,,,,,,,,,,,,,,,,,,,,,,,,,,,,,,,,,,,,,,,,,,,,,,,,,,,,,,,,,,,,,,,,,,,,,,,,,,,,,,,,,,,,,,,,,,,,,,,,,,,,,,,,,,,,,,,,,,,,,,,,,,,,,,,,,,,,,,,,,,,,,,,,,,,,,,,,,,,,,,,,,,,,,,,,,,,,,,,,,,,,,,,,,,,558,,,,,,,,,,,,,,,,,,,,,,,,,,,,,,,,,,,,,,,,,,,,,,,,,,,,,,,,,,,,,,,,,,,,,,,,,,,,,,,,,,,,,,,,,,,,,,
2023-10-08,,,,,,,,,,,,,,,,,,,,,,,,,,,,,,,,,,,,,,,,,,,,,,,,,,,,,,,,,,,,,,,,,,,,,,,,,,,,,,,,,,,,,,,,,,,,,,,,,,,,,,,,,,,,,,,,,,,,,,,,,,,,,,,,,,,,,,,,,,,,,,,,,,,,,,,,,,,,,,,,,,,,,,,,,,,,,,,,,,,,,,,,,,,,,,,,,,,,,,,,,,,,,,,,,,,,,,,,,,,,,,,,,,,,,,,,,,,,,,,,,,,,,,,,,,,,,,,,,,,,,,,,,,,,,,,,,,,,,,,,,121856,,,,
2023-10-09,,,,,,,,,,,,,,,,,,,,,,,,,,,,,,,,,,,,,,,,,,,,,,,,,,,,,,,,,,,,,,,,,,,,,,,,,,,,,,,,,,,,,,,,,,,,,,,,,,,,,,,,,,,,,,,,,,,,,,,,,,,,,,,,,,,,,,,,,,,,,,,,,,,,,,,,,,,,,,,,,,,,,,,,,,,,,,,,,,,,,,,,,,,,,,,,,,,,,,,,,,,,,,,,,,,,,,,,,,,,,,,,,,,,,,,,,,,,,,,,,,,,,,,,,,,,,,,,,,,,,,,,,,,,,,,,,,,,,,,,,121856,,,,
2023-10-11,,,,,,,,,,,,,,,,,,,,,,,,,,,,,,,,,,,,,,,,,,,,,,,,,,,,,,,,,,,,,,,,,,,,,,,,,,,,,,,,,,,,,,,,,,,,,,,,,,,,,,,,,,,,,,,,,,,,,,,,,,,,,,,,,,,,,,,,,,,,,,,,,,,,,,,,,,,,,,,,,,,,,,,,,,,,,,,,,,,,,,,,,,,,,,,,,,,,,,,,,,,,,,,,,,,,,,,,,,,,,,,,,,,,,,,,,,,,,,,,,,,,,,,,,802,,,,,,,,,,,,,,,,,,,,,,,,,,,,,,,,,,,,
2023-10-12,,,,,,,,,,,,,,,,,,,,,,,,,,,,,,,,,,,,,,,,,,,,,,,,,,,,,,,,,,,,,,,,,,,,,,,,,,,,,,,,,,,,,,,,,,,,,,,,,,,,,,,,,,,,,,,,,,,,,,,,,,,,,,,,,,,,,,,,,,,,,,,,,,,,,,,,,,,,,,,,,,,,,,,,,,,,,,,,,,,,,,,,,,,,,,,,,,,,,,,,,,,,,,,,,,,,,,,,,,,,,,,,,,,,,,,,,,,,,,,,,,,,,,,,,802,,,,,,,,,,,,,,,,,,,,,,,,,,,,,,,,121856,,,,
2023-10-13,,,,,,,,,,,,,,,,,,,,,,,,,,,,,,,,,,,,,,,,,,,,,,,,,,,,,,,,,,,,,,,,,,,,,,,,,,,,,,,,,,,,,,,,,,,,,,,,,,,,,,,,,,,,,,,,,,,,,,,,,,,,,,,,,,,,,,,,,,,,,,,,,,,,,,,,,,,,,,,,,,,,,,,,,,,,,,,,,,,,,,,,,,,,,,,,,,,,,,,,,,,,,,,,,,,,,,,,,,,,,,,,,,,,,,,,,,,,,,,,,,,,,,,,,802,,,,,,,,,,,,,,,,,,,,,,,,,,,,,,,,,,,,
2023-10-15,,,,,,,,,,,,,,,,,,,,,,,,,,,,,,,,,,,,,,,,,,,,,,,,,,,,,,,,,,,,,,,,,,,,,,,,,,,,,,,,,,,,,,,,,,,,,,,,,,,,,,,,,,,,,,,,,,,,,,,,,,,,,,,,,,,,,,,,,,,,,,,,,,,,,,,,,,,,,,,,,,,,,,,,,,,,,,,,,,,,,,,,,,,,,,,,,,,,,,,,,,,,,,,,,,,,,,,,,,,,,,,,,,,,,,,,,,,,,,,,,,,,,,,,,802,,,,,,,,,,,,,,,,,,,,,,,,,,,,,,,,121856,,,,
2023-10-16,,,,,,,,,,,,,,,,,,,,,,,,,,,,,,,,,,,,,,,,,,,,,,,,,,,,,,,,,,,,,,,,,,,,,,,,,,,,,,,,,,,,,,,,,,,,,,,,,,,,,,,,,,,,,,,,,,,,,,,,,,,,,,,,,,,,,,,,,,,,,,,,,,,,,,,,,,,,,,,,,,,,,,,,,,,,,,,,,,,,,,,,,,,,,,,,,,,,,,,,,,,,,,,,,,,,,,,,,,,,,,,,,,,,,,,,,,,,,,,,,,,,,,,,,802,,,,,,,,,,,,,,,,,,,,,,,,,,,,,,,,,,,,
2023-10-18,,,,,,,,,,,,,,,,,,,,,,,,,,,,,,,,,,,,,,,,,,,,,,,,,,,,,,,,,,,,,,,,,,,,,,,,,,,,,,,,,,,,,,,,,,,,,,,,,,,,,,,,,,,,,,,,,,,,,,,,,,,,,,,,,,,,,,,,,,,,,,,,,,,,,,,,,,,,,,,,,,,,,,,,,,,,,,,,,,,,,,,,,,,,,,,,,,,,,,,,,,,,,,,,,,,,,,,,,,,,,,,,,,,,,,,,,,,,,,,,,,,,,,,,,802,,,,,,,,,,,,,,,,,,,,,,,,,,,,,,,,121856,,,,
2023-10-19,,,,,,,,,,,,,,,,,,,,,,,,,,,,,,,,,,,,,,,,,,,,,,,,,,,,,,,,,,,,,,,,,,,,,,,,,,,,,,,,,,,,,,,,,,,,,,,,,,,,,,,,,,,,,,,,,,,,,,,,,,,,,,,,,,,,,,,,,,,,,,,,,,,,,,,,,,,,,,,,,,,,,,,,,,,,,,,,,,,,,,,,,,,,,,,,,,,,,,,,,,,,,,,,,,,,,,,,,,,,,,,,,,,,,,,,,,,,,,,,,,,,,,,,,802,,,,,,,,,,,,,,,,,,,,,,,,,,,,,,,,,,,,
2023-10-20,,,,,,,,,,,,,,,,,,,,,,,,,,,,,,,,,,,,,,,,,,,,,,,,,,,,,,,,,,,,,,,,,,,,,,,,,,,,,,,,,,,,,,,,,,,,,,,,,,,,,,,,,,,,,,,,,,,,,,,,,,,,,,,,,,,,,,,,,,,,,,,,,,,,,,,,,,,,,,,,,,,,,,,,,,,,,,,,,,,,,,,,,,,,,,,,,,,,,,,,,,,,,,,,,,,,,,,,,,,,,,,,,,,,,,,,,,,,,,,,,,,,,,,,,802,,,,,,,,,,,,,,,,,,,,,,,,,,,,,,,,,,,,
2023-10-21,,,,,,,,,,,,,,,,,,,,,,,,,,,,,,,,,,,,,,,,,,,,,,,,,,,,,,,,,,,,,,,,,,,,,,,,,,,,,,,,,,,,,,,,,,,,,,,,,,,,,,,,,,,,,,,,,,,,,,,,,,,,,,,,,,,,,,,,,,,,,,,,,,,,,,,,,,,,,,,,,,,,,,,,,,,,,,,,,,,,,,,,,,,,,,,,,,,,,,,,,,,,,,,,,,,,,,,,,,,,,,,,,,,,,,,,,,,,,,,,,,,,,,,,,802,,,,,,,,,,,,,,,,,,,,,,,,,,,,,,,,121856,,,,
2023-10-22,,,,,,,,,,,,,,,,,,,,,,,,,,,,,,,,,,,,,,,,,,,,,,,,,,,,,,,,,,,,,,,,,,,,,,,,,,,,,,,,,,,,,,,,,,,,,,,,,,,,,,,,,,,,,,,,,,,,,,,,,,,,,,,,,,,,,,,,,,,,,,,,,,,,,,,,,,,,,,,,,,,,,,,,,,,,,,,,,,,,,,,,,,,,,,,,,,,,,,,,,,,,,,,,,,,,,,,,,,,,,,,,,,,,,,,,,,,,,,,,,,,,,,,,,802,,,,,,,,,,,,,,,,,,,,,,,,,,,,,,,,,,,,
2023-10-24,,,,,,,,,,,,,,,,,,,,,,,,,,,,,,,,,,,,,,,,,,,,,,,,,,,,,,,,,,,,14,,,,,,,,,,,,,,,,,,,,,,,,,,,,,,,,,,,,,,,,,,,,,,,,,,,,,,,,,,,,,,,,,,,,,,,,,,,,,,,,,,,,,,,,,,,,,,,,,,,,,,,,,,,,,,,,,,,,,,,,,,,,,,,,,,,,,,,,,,,,,,,,,,,,,,,,,,,,,,,,,,,,,,,,,,,,,,,,,,,,,,,,,,,,,802,,,,,,,,,,,,,,,,,,,,,,,,,,,,,,,,,,,,
2023-10-25,,,,,,,,,,,,,,,,,,,,,,,,,,,,,,,,,,,,,,,,,,,,,,,,,,,,,,,,,,,,,,,,,,,,,,,,,,,,,,,,,,,,,,,,,,,,,,,,,,,,,,,,,,,,,,,,,,,,,,,,,,,,,,,,,,,,,,,,,,,,,,,,,,,,,,,,,,,,,,,,,,,,,,,,,,,,,,,,,,,,,,,,,,,,,,,,,,,,,,,,,,,,,,,,,,,,,,,,,,,,,,,,,,,,,,,,,,,,,,,,,,,,,,,,,802,,,,,,,,,,,,,,,,,,,,,,,,,,,,,,,,,,,,
2023-10-26,,,,,,,,,,,,,,,,,,,,,,,,,,,,,,,,,,,,,,,,,,,,,,,,,,,,,,,,,,,,,,,,,,,,,,,,,,,,,,,,,,,,,,,,,,,,,,,,,,,,,,,,,,,,,,,,,,,,,,,,,,,,,,,,,,,,,,,,,,,,,,,,,,,,,,,,,,,,,,,,,,,,,,,,,,,,,,,,,,,,,,,,,,,,,,,,,,,,,,,,,,,,,,,,,,,,,,,,,,,,,,,,,,,,,,,,,,,,,,,,,,,,,,,,,802,,,,,,,,,,,,,,,,,,,,,,,,,,,,,,,,,,,,
2023-10-27,,,,,,,,,,,,,,,,,,,,,,,,,,,,,,,,,,,,,,,,,,,,,,,,,,,,,,,,,,,,,,,,,,,,,,,,,,,,,,,,,,,,,,,,,,,,,,,,,,,,,,,,,,,,,,,,,,,,,,,,,,,,,,,,,,,,,,,,,,,,,,,,,,,,,,,,,,,,,,,,,,,,,,,,,,,,,,,,,,,,,,,,,,,,,,,,,,,,,,,,,,,,,,,,,,,,,,,,,,,,,,,,,,,,,,,,,,,,,,,,,,,,,,,,,802,,,,,,,,,,,,,,,,,,,,,,,,,,,,,,,,,,,,
2023-10-29,,,,,,,,,,,,,,,,,,,,,,,,,,,,,,,,,,,,,,,,,,,,,,,,,,,,,,,,,,,,,,,,,,,,,,,,,,,,,,,,,,,,,,,,,,,,,,,,,,,,,,,,,,,,,,,,,,,,,,,,,,,,,,,,,,,,,,,,,,,,,,,,,,,,,,,,,,,,,,,,,,,,,,,,,,,,,,,,,,,,,,,,,,,,,,,,,,,,,,,,,,,,,,,,,,,,,,,,,,,,,,,,,,,,,,,,,,,,,,,,,,,,,,,,,802,,,,,,,,,,,,,,,,,,,,,,,,,,,,,,,,121856,,,,
2023-10-30,,,,,,,,,,,,,,,,,,,,,,,,,,,,,,,,,,,,,,,,,,,,,,,,,,,,,,,,,,,,14,,,,,,,,,,,,,,,,,,,,,,,,,,,,,,,,,,,,,,,,,,,,,,,,,,,,,,,,,,,,,,,,,,,,,,,,,,,,,,,,,,,,,,,,,,,,,,,,,,,,,,,,,,,,,,,,,,,,,,,,,,,,,,,,,,,,,,,,,,,,,,,,,,,,,,,,,,,,,,,,,,,,,,,,,,,,,,,,,,,,,,,,,,,,,802,,,,,,,,,,,,,,,,,,,,,,,,,,,,,,,,,,,,
2023-10-31,,,,485,,,,,,,,,,,,,,,,,,,,,,,,,,,,,,,323,,,,,,,,,,,,,,,17,,,,,,,,,,14,,,,,,,,,,,,,,,,,,,,,,,,,,,,,,,,,,,,,,,,,,,,,,,,,,,,,,,,,,,,,,,,,,,,,,,,,,,,,,,,,,,,,,,,,,,,,,,,,,,,,,,,,,,,,,,,,,,,990,,,,,,,,,,,,,,,558,,,,,,,,,,,,265,,,,,,,,,,10,,,,,,,,,,,,,,,,,109,,,,,,,,,,,,,77198,,,,,,802,,,,93,,,,,,,,,,,,,,,,,,,,,,,,,,,,,,,,
2023-11-01,,,,,,,,,,,,,,,,,,,,,,,,,,,,,,,,,,,,,,,,,,,,,,,,,,,,,,,,,,,,,,,,,,,,,,,,,,,,,,,,,,,,,,,,,,,,,,,,,,,,,,,,,,,,,,,,,,,,,,,,,,,,,,,,,,,,,,,,,,,,,,,,,,,,,,,,,,,,,,,,,,,,,,,,,,,,,,,,,,,,,,,,,,,,,,,,,,,,,,,,,,,,,,,,,,,,,,,,,,,,,,,,,,,,,,,,,,,,,,,,,,,,,,,,,802,,,,,,,,,,,,,,,,,,,,,,,,,,,,,,,,121823,,,,
2023-11-02,,,,,,,,,,,,,,,,,,,,,,,,,,,,,,,,,,,,,,,,,,,,,,,,,,,,,,,,,,,,,,,,,,,,,,,,,,,,,,,,,,,,,,,,,,,,,,,,,,,,,,,,,,,,,,,,,,,,,,,,,,,,,,,,,,,,,,,,,,,,,,,,,,,,,,,,,,,,,,,,,,,,,,,,,,,,,,,,,,,,,,,,,,,,,,,,,,,,,,,,,,,,,,,,,,,,,,,,,,,,,,,,,,,,,,,,,,,,,,,,,,,,,,,,,802,,,,,,,,,,,,,,,,,,,,,,,,,,,,,,,,,,,,
2023-11-03,,,,,,,,,,,,,,,,,,,,,,,,,,,,,,,,,,,,,,,,,,,,,,,,,,,,,,,,,,,,,,,,,,,,,,,,,,,,,,,,,,,,,,,,,,,,,,,,,,,,,,,,,,,,,,,,,,,,,,,,,,,,,,,,,,,,,,,,,,,,,,,,,,,,,,,,,,,,,,,,,,,,,,,,,,,,,,,,,,,,,,,,,,,,,,,,,,,,,,,,,,,,,,,,,,,,,,,,,,,,,,,,,,,,,,,,,,,,,,,,,,,,,,,,,802,,,,,,,,,,,,,,,,,,,,,,,,,,,,,,,,,,,,
2023-11-04,,,,,,,,,,,,,,,,,,,,,,,,,,,,,,,,,,,,,,,,,,,,,,,,,,,,,,,,,,,,,,,,,,,,,,,,,,,,,,,,,,,,,,,,,,,,,,,,,,,,,,,,,,,,,,,,,,,,,,,,,,,,,,,,,,,,,,,,,,,,,,,,,,,,,,,,,,,,,,,,,,,,,,,,,,,,,,,,,,,,,,,,,,,,,,,,,,,,,,,,,,,,,,,,,,,,,,,,,,,,,,,,,,,,,,,,,,,,,,,,,,,,,,,,,802,,,,,,,,,,,,,,,,,,,,,,,,,,,,,,,,121823,,,,
2023-11-05,,,,,,,,,,,,,,,,,,,,,,,,,,,,,,,,,,,,,,,,,,,,,,,,,,,,,,,,,,,,,,,,,,,,,,,,,,,,,,,,,,,,,,,,,,,,,,,,,,,,,,,,,,,,,,,,,,,,,,,,,,,,,,,,,,,,,,,,,,,,,,,,,,,,,,,,,,,,,,,,,,,,,,,,,,,,,,,,,,,,,,,,,,,,,,,,,,,,,,,,,,,,,,,,,,,,,,,,,,,,,,,,,,,,,,,,,,,,,,,,,,,,,,,,,802,,,,,,,,,,,,,,,,,,,,,,,,,,,,,,,,,,,,
2023-11-06,,,,,,,,,,,,,,,,,,,,,,,,,,,,,,,,,,,,,,,,,,,,,,,,,,,,,,,,,,,,,,,,,,,,,,,,,,,,,,,,,,,,,,,,,,,,,,,,,,,,,,,,,,,,,,,,,,,,,,,,,,,,,,,,,,,,,,,,,,,,,,,,,,,,,,,,,,,,,,,,,,,,,,,,,,,,,,,,,,,,,,,,,,,,,,,,,,,,,,,,,,,,,,,,,,,,,,,,,,,,,,,,,,,,,,,,,,,,,,,,,,,,,,,,,802,,,,,,,,,,,,,,,,,,,,,,,,,,,,,,,,,,,,
2023-11-07,,,,,,,,,,,,,,,,,,,,,,,,,,,,,,,,,,,,,,,,,,,,,,,,,,,,,,,,,,,,,,,,,,,,,,,,,,,,,,,,,,,,,,,,,,,,,,,,,,,,,,,,,,,,,,,,,,,,,,,,,,,,,,,,,,,,,,,,,,,,,,,,,,,,,,,,,,,,,,,,,,,,,,,,,,,,,,,,,,,,,,,,,,,,,,,,,,,,,,,,,,,,,,,,,,,,,,,,,,,,,,,,,,,,,,,,,,,,,,,,,,,,,,,,,802,,,,,,,,,,,,,,,,,,,,,,,,,,,,,,,,,,,,
2023-11-08,,,,,,,,,,,,,,,,,,,,,,,,,,,,,,,,,,,,,,,,,,,,,,,,,,,,,,,,,,,,,,,,,,,,,,,,,,,,,,,,,,,,,,,,,,,,,,,,,,,,,,,,,,,,,,,,,,,,,,,,,,,,,,,,,,,,,,,,,,,,,,,,,,,,,,,,,,,,,,,,,,,,,,,,,,,,,,,,,,,,,,,,,,,,,,,,,,,,,,,,,,,,,,,,,,,,,,,,,,,,,,,,,,,,,,,,,,,,,,,,,,,,,,,,,802,,,,94,,,,,,,,,,,,,,,,,,,,,,,,,,,,,,,,
2023-11-09,,,,,,,,,,,,,,,,,,,,,,,,,,,,,,,,,,,,,,,,,,,,,,,,,,,,,,,,,,,,,,,,,,,,,,,,,,,,,,,,,,,,,,,,,,,,,,,,,,,,,,,,,,,,,,,,,,,,,,,,,,,,,,,,,,,,,,,,,,,,,,,,,,,,,,,,,,,,,,,,,,,,,,,,,,,,,,,,,,,,,,,,,,,,,,,,,,,,,,,,,,,,,,,,,,,,,,,,,,,,,,,,,,,,,,,,,,,,,,,,,,,,,,,,,802,,,,,,,,,,,,,,,,,,,,,,,,,,,,,,,,,,,,
2023-11-10,,1130,,485,,,,,,,,,,,,,,,,,,,,,,,,,,,,,,,323,,,,,,,,,,,,,,,17,,,,,,,,,,14,,,,,,,,,,,,,,,,,,,,,,,,,,,,,,,,,,,,,,6151,,,,,,,,,,,,,,,,,,,,,,,,,,,,,,,,273,,,,,,,,,,,,,,,,,,,,,,32548,,,,,,,,,,,,,,,,,,,,,,,,990,,,,,,,,,,,,,,,558,,,,,,,,,,,,265,,,,,,,,,,10,,,,,,,,,,,,,,,,,111,,,,,,,,,,,,,77198,,,,,,802,,,,94,,,,,,,,,,,,,,,,,,861,,,,,,,,,,,,,,
2023-11-11,,,,,,,,,,,,,,,,,,,,,,,,,,,,,,,,,,,,,,,,,,,,,,,,,,,,,,,,,,,,,,,,,,,,,,,,,,,,,,,,,,,,,,,,,,,,,,,,,,,,,,,,,,,,,,,,,,,,,,,,,,,,,,,,,,,,,,,,,,,,,,,,,,,,,,,,,,,,,,,,,,,,,,,,,,,,,,,,,,,,,,,,,,,,,,,,,,,,,,,,,,,,,,,,,,,,,,,,,,,,,,,,,,,,,,,,,,,,,,,,,,,,,,,,,802,,,,,,,,,,,,,,,,,,,,,,,,,,,,,,,,,,,,
2023-11-12,,,,,,,,,,,,,,,,,,,,,,,,,,,,,,,,,,,,,,,,,,,,,,,,,,,,,,,,,,,,,,,,,,,,,,,,,,,,,,,,,,,,,,,,,,,,,,,,,,,,,,,,,,,,,,,,,,,,,,,,,,,,,,,,,,,,,,,,,,,,,,,,,,,,,,,,,,,,,,,,,,,,,,,,,,,,,,,,,,,,,,,,,,,,,,,,,,,,,,,,,,,,,,,,,,,,,,,,,,,,,,,,,,,,,,,,,,,,,,,,,,,,,,,,,802,,,,,,,,,,,,,,,,,,,,,,,,,,,,,,,,,,,,
2023-11-13,,,,,,,,,,,,,,,,,,,,,,,,,,,,,,,,,,,,,,,,,,,,,,,,,,,,,,,,,,,,,,,,,,,,,,,,,,,,,,,,,,,,,,,,,,,,,,,,,,,,,,,,,,,,,,,,,,,,,,,,,,,,,,,,,,,,,,,,,,,,,,,,,,,,,,,,,,,,,,,,,,,,,,,,,,,,,,,,,,,,,,,,,,,,,,,,,,,,,,,,,,,,,,,,,,,,,,,,,,,,,,,,,,,,,,,,,,,,,,,,,,,,,,,,,802,,,,94,,,,,,,,,,,,,,,,,,,,,,,,,,,,,,,,
2023-11-14,,,,,,,,,,,,,,,,,,,,,,,,,,,,,,,,,,,,,,,,,,,,,,,,,,,,,,,,,,,,,,,,,,,,,,,,,,,,,,,,,,,,,,,,,,,,,,,,,,,,,,,,,,,,,,,,,,,,,,,,,,,,,,,,,,,,,,,,,,,,,,,,,,,,,,,,,,,,,,,,,,,,,,,,,,,,,,,,,,,,,,,,,,,,,,,,,,,,,,,,,,,,,,,,,,,,,,,,,,,,,,,,,,,,,,,,,,,,,,,,,,,,,,,,,802,,,,94,,,,,,,,,,,,,,,,,,,,,,,,,,,,,,,,
2023-11-15,,,,,,,,,,,,,,,,,,,,,,,,,,,,,,,,,,,,,,,,,,,,,,,,,,,,,,,,,,,,,,,,,,,,,,,,,,,,,,,,,,,,,,,,,,,,,,,,,,,,,,,,,,,,,,,,,,,,,,,,,,,,,,,,,,,,,,,,,,,,,,,,,,,,,,,,,,,,,,,,,,,,,,,,,,,,,,,,,,,,,,,,,,,,,,,,,,,,,,,,,,,,,,,,,,,,,,,,,,,,,,,,,,,,,,,,,,,,,,,,,,,,,,,,,802,,,,,,,,,,,,,,,,,,,,,,,,,,,,,,,,,,,,
2023-11-16,,,,,,,,,,,,,,,,,,,,,,,,,,,,,,,,,,,,,,,,,,,,,,,,,,,,,,,,,,,,,,,,,,,,,,,,,,,,,,,,,,,,,,,,,,,,,,,,,,,,,,,,,,,,,,,,,,,,,,,,,,,,,,,,,,,,,,,,,,,,,,,,,,,,,,,,,,,,,,,,,,,,,,,,,,,,,,,,,,,,,,,,,,,,,,,,,,,,,,,,,,,,,,,,,,,,,,,,,,,,,,,,,,,,,,,,,,,,,,,,,,,,,,,,,802,,,,,,,,,,,,,,,,,,,,,,,,,,,,,,,,,,,,
2023-11-17,,,,,,,,,,,,,,,,,,,,,,,,,,,,,,,,,,,,,,,,,,,,,,,,,,,,,,,,,,,,,,,,,,,,,,,,,,,,,,,,,,,,,,,,,,,,,,,,,,,,,,,,,,,,,,,,,,,,,,,,,,,,,,,,,,,,,,,,,,,,,,,,,,,,,,,,,,,,,,,,,,,,,,,,,,,,,,,,,,,,,,,,,,,,,,,,,,,,,,,,,,,,,,,,,,,,,,,,,,,,,,,,,,,,,,,,,,,,,,,,,,,,,,,,,802,,,,,,,,,,,,,,,,,,,,,,,,,,,,,,,,,,,,
2023-11-18,,,,,,,,,,,,,,,,,,,,,,,,,,,,,,,,,,,,,,,,,,,,,,,,,,,,,,,,,,,,,,,,,,,,,,,,,,,,,,,,,,,,,,,,,,,,,,,,,,,,,,,,,,,,,,,,,,,,,,,,,,,,,,,,,,,,,,,,,,,,,,,,,,,,,,,,,,,,,,,,,,,,,,,,,,,,,,,,,,,,,,,,,,,,,,,,,,,,,,,,,,,,,,,,,,,,,,,,,,,,,,,,,,,,,,,,,,,,,,,,,,,,,,,,,802,,,,,,,,,,,,,,,,,,,,,,,,,,,,,,,,,,,,
2023-11-19,,,,,,,,,,,,,,,,,,,,,,,,,,,,,,,,,,,,,,,,,,,,,,,,,,,,,,,,,,,,,,,,,,,,,,,,,,,,,,,,,,,,,,,,,,,,,,,,,,,,,,,,,,,,,,,,,,,,,,,,,,,,,,,,,,,,,,,,,,,,,,,,,,,,,,,,,,,,,,,,,,,,,,,,,,,,,,,,,,,,,,,,,,,,,,,,,,,,,,,,,,,,,,,,,,,,,,,,,,,,,,,,,,,,,,,,,,,,,,,,,,,,,,,,,802,,,,,,,,,,,,,,,,,,,,,,,,,,,,,,,,,,,,
2023-11-22,,,,,,,,,,,,,,,,,,,,,,,,,,,,,,,,,,,,,,,,,,,,,,,,,,,,,,,,,,,,,,,,,,,,,,,,,,,,,,,,,,,,,,,,,,,,,,,,,,,,,,,,,,,,,,,,,,,,,,,,,,,,,,,,,,,,,,,,,,,,,,,,,,,,,,,,,,,,,,,,,,,,,,,,,,,,,,,,,,,,,,,,,,,,,,,,,,,,,,,,,,,,,,,,,,,,,,,,,,,,,,,,,,,,,,,,,,,,,,,,,,,,,,,,,802,,,,,,,,,,,,,,,,,,,,,,,,,,,,,,,,,,,,
2023-11-23,,,,,,,,,,,,,,,,,,,,,,,,,,,,,,,,,,,,,,,,,,,,,,,,,,,,,,,,,,,,14,,,,,,,,,,,,,,,,,,,,,,,,,,,,,,,,,,,,,,,,,,,,,,,,,,,,,,,,,,,,,,,,,,,,,,,,,,,,,,,,,,,,,,,,,,,,,,,,,,,,,,,,,,,,,,,,,,,,,,,,,,,,,,,,,,,,,,,,,,,,,,,,,,,,,,,,,,,,,,,,,,,,,,,,,,,,,,,,,,,,,,,,,,,,,802,,,,,,,,,,,,,,,,,,,,,,,,,,,,,,,,,,,,
2023-11-24,,,,,,,,,,,,,,,,,,,,,,,,,,,,,,,,,,,,,,,,,,,,,,,,,,,,,,,,,,,,,,,,,,,,,,,,,,,,,,,,,,,,,,,,,,,,,,,,,,,,,,,,,,,,,,,,,,,,,,,,,,,,,,,,,,,,,,,,,,,,,,,,,,,,,,,,,,,,,,,,,,,,,,,,,,,,,,,,,,,,,,,,,,,,,,,,,,,,,,,,,,,,,,,,,,,,,,,,,,,,,,,,,,,,,,,,,,,,,,,,,,,77198,,,,,,,,,,,,,,,,,,,,,,,,,,,,,,,,,,,,,,,,,,
2023-11-25,,,,,,,,,,,,,,,,,,,,,,,,,,,,,,,,,,,,,,,,,,,,,,,,,,,,,,,,,,,,,,,,,,,,,,,,,,,,,,,,,,,,,,,,,,,,,,,,,,,,,,,,,,,,,,,,,,,,,,,,,,,,,,,,,,,,,,,,,,,,,,,,,,,,,,,,,,,,,,,,,,,,,,,,,,,,,,,,,,,,,,,,,,,,,,,,,,,,,,,,,,,,,,,,,,,,,,,,,,,,,,,,,,,,,,,,,,,,,,,,,,,,,,,,,802,,,,,,,,,,,,,,,,,,,,,,,,,,,,,,,,,,,,
2023-11-27,,,,,,,,,,,,,,,,,,,,,,,,,,,,,,,,,,,,,,,,,,,,,,,,,,,,,,,,,,,,,,,,,,,,,,,,,,,,,,,,,,,,,,,,,,,,,,,,,,,,,,,,,,,,,,,,,,,,,,,,,,,,,,,,,,,,,,,,,,,,,,,,,,,,,,,,,,,,,,,,,,,,,,,,,,,,,,,,,,,,,,,,,,,,,,,,,,,,,,,,,,,,,,,,,,,,,,,,,,,,,,,,,,,,,,,,,,,,,,,,,,,,,,,,,802,,,,,,,,,,,,,,,,,,,,,,,,,,,,,,,,121830,,,,
2023-11-28,,,,,,,,,,,,,,,,,,,,,,,,,,,,,,,,,,,,,,,,,,,,,,,,,,,,,,,,,,,,,,,,,,,,,,,,,,,,,,,,,,,,,,,,,,,,,,,,,,,,,,,,,,,,,,,,,,,,,,,,,,,,,,,,,,,,,,,,,,,,,,,,,,,,,,,,,,,,,,,,,,,,,,,,,,,,,,,,,,,,,,,,,,,,,,,,,,,,,,,,,,,,,,,,,,,,,,,,,,,,,,,,,,,,,,,,,,,,,,,,,,,,,,,,,802,,,,,,,,,,,,,,,,,,,,,,,,,,,,,,,,,,,,
2023-11-29,,,,,,,,,,,,,,,,,,,,,,,,,,,,,,,,,,,,,,,,,,,,,,,,,,,,,,,,,,,,14,,,,,,,,,,,,,,,,,,,,,,,,,,,,,,,,,,,,,,,,,,,,,,,,,,,,,,,,,,,,,,,,,,,,,,,,,,,,,,,,,,,,,,,,,,,,,,,,,,,,,,,,,,,,,,,,,,,,,,,,,,,,,,,,,,,,,,,,,,,,,,,,,,,,,,,,,,,,,,,,,,,,,,,,,,,,,,,,,,,,,,,,,,,,,802,,,,,,,,,,,,,,,,,,,,,,,,,,,,,,,,,,,,
2023-11-30,,,,,,,,,,,,,,,,,,,,,,,,,,,,,,,,,,,,,,,,,,,,,,,,,,,,,,,,,,,,,,,,,,,,,,,,,,,,,,,,,,,,,,,,,,,,,,,,,,,,,,,,,,,,,,,,,,,,,,,,,,,,,,,,,,,,,,,,,,,,,,,,,,,,,,,,,,,,,,,,,,,,,,,,,,,,,,,,,,,,,,,,,,,,,,,,,,,,,,,,,,,,,,,,,,,,,,,,,,,,,,,,,,,,,,,,,,,,,,,,,,,,,,,,,802,,,,,,,,,,,,,,,,,,,,,,,,,,,,,,,,,,,,
2023-12-01,,,,485,,,,,,,,,,,,,,,,,,,,,,,,,,,,,,,323,,,,,,,,,,,,,,,17,,,,,,,,,,14,,,,,,,,,,,,,,,,,,,,,,,,,,,,,,,,,,,,,,,,,,,,,,,,,,,,,,,,,,,,,,,,,,,,,,,,,,,,,,,,,,,,,,,,,,,,,,,,,,,,,,,,,,,,,,,,,,,,990,,,,,,,,,,,,,,,558,,,,,,,,,,,,265,,,,,,,,,,10,,,,,,,,,,,,,,,,,111,,,,,,,,,,,,,,,,,,,802,,,,131,,,,,,,,,,,,,,,,,,,,,,,,,,,,,,,,
2023-12-02,,,,,,,,,,,,,,,,,,,,,,,,,,,,,,,,,,,,,,,,,,,,,,,,,,,,,,,,,,,,,,,,,,,,,,,,,,,,,,,,,,,,,,,,,,,,,,,,,,,,,,,,,,,,,,,,,,,,,,,,,,,,,,,,,,,,,,,,,,,,,,,,,,,,,,,,,,,,,,,,,,,,,,,,,,,,,,,,,,,,,,,,,,,,,,,,,,,,,,,,,,,,,,,,,,,,,,,,,,,,,,,,,,,,,,,,,,,,,,,,,,,,,,,,,802,,,,,,,,,,,,,,,,,,,,,,,,,,,,,,,,,,,,
2023-12-03,,,,,,,,,,,,,,,,,,,,,,,,,,,,,,,,,,,,,,,,,,,,,,,,,,,,,,,,,,,,,,,,,,,,,,,,,,,,,,,,,,,,,,,,,,,,,,,,,,,,,,,,,,,,,,,,,,,,,,,,,,,,,,,,,,,,,,,,,,,,,,,,,,,,,,,,,,,,,,,,,,,,,,,,,,,,,,,,,,,,,,,,,,,,,,,,,,,,,,,,,,,,,,,,,,,,,,,,,,,,,,,,,,,,,,,,,,,,,,,,,,,,,,,,,802,,,,,,,,,,,,,,,,,,,,,,,,,,,,,,,,,,,,
2023-12-04,,,,,,,,,,,,,,,,,,,,,,,,,,,,,,,,,,,,,,,,,,,,,,,,,,,,,,,,,,,,,,,,,,,,,,,,,,,,,,,,,,,,,,,,,,,,,,,,,,,,,,,,,,,,,,,,,,,,,,,,,,,,,,,,,,,,,,,,,,,,,,,,,,,,,,,,,,,,,,,,,,,,,,,,,,,,,,,,,,,,,,,,,,,,,,,,,,,,,,,,,,,,,,,,,,,,,,,,,,,,,,,,,,,,,,,,,,,,,,,,,,,,,,,,,802,,,,131,,,,,,,,,,,,,,,,,,,,,,,,,,,,,,,,
2023-12-05,,,,,,,,,,,,,,,,,,,,,,,,,,,,,,,,,,,,,,,,,,,,,,,,,,,,,,,,,,,,,,,,,,,,,,,,,,,,,,,,,,,,,,,,,,,,,,,,,,,,,,,,,,,,,,,,,,,,,,,,,,,,,,,,,,,,,,,,,,,,,,,,,,,,,,,,,,,,,,,,,,,,,,,,,,,,,,,,,,,,,,,,,,,,,,,,,,,,,,,,,,,,,,,,,,,,,,,,,,,,,,,,,,,,,,,,,,,,,,,,,,,,,,,,,802,,,,,,,,,,,,,,,,,,,,,,,,,,,,,,,,,,,,
2023-12-06,,,,,,,,,,,,,,,,,,,,,,,,,,,,,,,,,,,,,,,,,,,,,,,,,,,,,,,,,,,,,,,,,,,,,,,,,,,,,,,,,,,,,,,,,,,,,,,,,,,,,,,,,,,,,,,,,,,,,,,,,,,,,,,,,,,,,,,,,,,,,,,,,,,,,,,,,,,,,,,,,,,,,,,,,,,,,,,,,,,,,,,,,,,,,,,,,,,,,,,,,,,,,,,,,,,,,,,,,,,,,,,,,,,,,,,,,,,,,,,,,,,,,,,,,802,,,,,,,,,,,,,,,,,,,,,,,,,,,,,,,,,,,,
2023-12-07,,,,,,,,,,,,,,,,,,,,,,,,,,,,,,,,,,,,,,,,,,,,,,,,,,,,,,,,,,,,,,,,,,,,,,,,,,,,,,,,,,,,,,,,,,,,,,,,,,,,,,,,,,,,,,,,,,,,,,,,,,,,,,,,,,,,,,,,,,,,,,,,,,,,,,,,,,,,,,,,,,,,,,,,,,,,,,,,,,,,,,,,,,,,,,,,,,,,,,,,,,,,,,,,,,,,,,,,,,,,,,,,,,,,,,,,,,,,,,,,,,,,,,,,,802,,,,,,,,,,,,,,,,,,,,,,,,,,,,,,,,,,,,
2023-12-08,,,,,,,,,,,,,,,,,,,,,,,,,,,,,,,,,,,,,,,,,,,,,,,,,,,,,,,,,,,,,,,,,,,,,,,,,,,,,,,,,,,,,,,,,,,,,,,,,,,,,,,,,,,,,,,,,,,,,,,,,,,,,,,,,,,,,,,,,,,,,,,,,,,,,,,,,,,,,,,,,,,,,,,,,,,,,,,,,,,,,,,,,,,,,,,,,,,,,,,,,,,,,,,,,,,,,,,,,,,,,,,,,,,,,,,,,,,,,,,,,,,,,,,,,802,,,,,,,,,,,,,,,,,,,,,,,,,,,,,,,,,,,,
2023-12-09,,,,,,,,,,,,,,,,,,,,,,,,,,,,,,,,,,,,,,,,,,,,,,,,,,,,,,,,,,,,,,,,,,,,,,,,,,,,,,,,,,,,,,,,,,,,,,,,,,,,,,,,,,,,,,,,,,,,,,,,,,,,,,,,,,,,,,,,,,,,,,,,,,,,,,,,,,,,,,,,,,,,,,,,,,,,,,,,,,,,,,,,,,,,,,,,,,,,,,,,,,,,,,,,,,,,,,,,,,,,,,,,,,,,,,,,,,,,,,,,,,,,,,,,,802,,,,,,,,,,,,,,,,,,,,,,,,,,,,,,,,,,,,
2023-12-10,,,,,,,,,,,,,,,,,,,,,,,,,,,,,,,,,,,,,,,,,,,,,,,,,,,,,,,,,,,,,,,,,,,,,,,,,,,,,,,,,,,,,,,,,,,,,,,,,,,,,,,,,,,,,,,,,,,,,,,,,,,,,,,,,,,,,,,,,,,,,,,,,,,,,,,,,,,,,,,,,,,,,,,,,,,,,,,,,,,,,,,,,,,,,,,,,,,,,,,,,,,,,,,,,,,,,,,,,,,,,,,,,,,,,,,,,,,,,,,,,,,,,,,,,802,,,,,,,,,,,,,,,,,,,,,,,,,,,,,,,,,,,,
2023-12-11,,,,,,,,,,,,,,,,,,,,,,,,,,,,,,,,,,,,,,,,,,,,,,,,,,,,,,,,,,,,,,,,,,,,,,,,,,,,,,,,,,,,,,,,,,,,,,,,,,,,,,,,,,,,,,,,,,,,,,,,,,,,,,,,,,,,,,,,,,,,,,,,,,,,,,,,,,,,,,,,,,,,,,,,,,,,,,,,,,,,,,,,,,,,,,,,,,,,,,,,,,,,,,,,,,,,,,,,,,,,,,,,,,,,,,,,,,,,,,,,,,,,,,,,,802,,,,,,,,,,,,,,,,,,,,,,,,,,,,,,,,,,,,
2023-12-12,,,,,,,,,,,,,,,,,,,,,,,,,,,,,,,,,,,,,,,,,,,,,,,,,,,,,,,,,,,,,,,,,,,,,,,,,,,,,,,,,,,,,,,,,,,,,,,,,,,,,,,,,,,,,,,,,,,,,,,,,,,,,,,,,,,,,,,,,,,,,,,,,,,,,,,,,,,,,,,,,,,,,,,,,,,,,,,,,,,,,,,,,,,,,,,,,,,,,,,,,,,,,,,,,,,,,,,,,,,,,,,,,,,,,,,,,,,,,,,,,,,,,,,,,802,,,,,,,,,,,,,,,,,,,,,,,,,,,,,,,,,,,,
2023-12-13,,,,,,,,,,,,,,,,,,,,,,,,,,,,,,,,,,,,,,,,,,,,,,,,,,,,,,,,,,,,,,,,,,,,,,,,,,,,,,,,,,,,,,,,,,,,,,,,,,,,,,,,,,,,,,,,,,,,,,,,,,,,,,,,,,,,,,,,,,,,,,,,,,,,,,,,,,,,,,,,,,,,,,,,,,,,,,,,,,,,,,,,,,,,,,,,,,,,,,,,,,,,,,,,,,,,,,,,,,,,,,,,,,,,,,,,,,,,,,,,,,,,,,,,,802,,,,,,,,,,,,,,,,,,,,,,,,,,,,,,,,,,,,
2023-12-14,,,,,,,,,,,,,,,,,,,,,,,,,,,,,,,,,,,,,,,,,,,,,,,,,,,,,,,,,,,,14,,,,,,,,,,,,,,,,,,,,,,,,,,,,,,,,,,,,,,,,,,,,,,,,,,,,,,,,,,,,,,,,,,,,,,,,,,,,,,,,,,,,,,,,,,,,,,,,,,,,,,,,,,,,,,,,,,,,,,,,,,,,,,,,,,,,,,,,,,,,,,,,,,,,,,,,,,,,,,,,,,,,,,,,,,,,,,,,,,,,,,,,,,,,,802,,,,,,,,,,,,,,,,,,,,,,,,,,,,,,,,,,,,
2023-12-15,,,,,,,,,,,,,,,,,,,,,,,,,,,,,,,,,,,,,,,,,,,,,,,,,,,,,,,,,,,,,,,,,,,,,,,,,,,,,,,,,,,,,,,,,,,,,,,,,,,,,,,,,,,,,,,,,,,,,,,,,,,,,,,,,,,,,,,,,,,,,,,,,,,,,,,,,,,,,,,,,,,,,,,,,,,,,,,,,,,,,,,,,,,,,,,,,,,,,,,,,,,,,,,,,,,,,,,,,,,,,,,,,,,,,,,,,,,,,,,,,,,,,,,,,802,,,,,,,,,,,,,,,,,,,,,,,,,,,,,,,,,,,,
2023-12-16,,,,,,,,,,,,,,,,,,,,,,,,,,,,,,,,,,,,,,,,,,,,,,,,,,,,,,,,,,,,,,,,,,,,,,,,,,,,,,,,,,,,,,,,,,,,,,,,,,,,,,,,,,,,,,,,,,,,,,,,,,,,,,,,,,,,,,,,,,,,,,,,,,,,,,,,,,,,,,,,,,,,,,,,,,,,,,,,,,,,,,,,,,,,,,,,,,,,,,,,,,,,,,,,,,,,,,,,,,,,,,,,,,,,,,,,,,,,,,,,,,,,,,,,,802,,,,,,,,,,,,,,,,,,,,,,,,,,,,,,,,,,,,
2023-12-17,,,,,,,,,,,,,,,,,,,,,,,,,,,,,,,,,,,,,,,,,,,,,,,,,,,,,,,,,,,,,,,,,,,,,,,,,,,,,,,,,,,,,,,,,,,,,,,,,,,,,,,,,,,,,,,,,,,,,,,,,,,,,,,,,,,,,,,,,,,,,,,,,,,,,,,,,,,,,,,,,,,,,,,,,,,,,,,,,,,,,,,,,,,,,,,,,,,,,,,,,,,,,,,,,,,,,,,,,,,,,,,,,,,,,,,,,,,,,,,,,,,,,,,,,802,,,,,,,,,,,,,,,,,,,,,,,,,,,,,,,,,,,,
2023-12-18,,,,,,,,,,,,,,,,,,,,,,,,,,,,,,,,,,,,,,,,,,,,,,,,,,,,,,,,,,,,,,,,,,,,,,,,,,,,,,,,,,,,,,,,,,,,,,,,,,,,,,,,,,,,,,,,,,,,,,,,,,,,,,,,,,,,,,,,,,,,,,,,,,,,,,,,,,,,,,,,,,,,,,,,,,,,,,,,,,,,,,,,,,,,,,,,,,,,,,,,,,,,,,,,,,,,,,,,,,,,,,,,,,,,,,,,,,,,,,,,,,,,,,,,,802,,,,,,,,,,,,,,,,,,,,,,,,,,,,,,,,,,,,
2023-12-19,,,,,,,,,,,,,,,,,,,,,,,,,,,,,,,,,,,,,,,,,,,,,,,,,,,,,,,,,,,,18,,,,,,,,,,,,,,,,,,,,,,,,,,,,,,,,,,,,,,,,,,,,,,,,,,,,,,,,,,,,,,,,,,,,,,,,,,,,,,,,,,,,,,,,,,,,,,,,,,,,,,,,,,,,,,,,,,,,,,,,,,,,,,,,,,,,,,,,,,,,,,,,,,,,,,,,,,,,,,,,,,,,,,,,,,,,,,,,,,,,,,,,,,,,,,,,,,,,,,,,,,,,,,,,,,,,,,,,,,,,,,,,,
2023-12-21,,,,,,,,,,,,,,,,,,,,,,,,,,,,,,,,,,,,,,,,,,,,,,,,,,,,,,,,,,,,,,,,,,,,,,,,,,,,,,,,,,,,,,,,,,,,,,,,,,,,,,,,,,,,,,,,,,,,,,,,,,,,,,,,,,,,,,,,,,,,,,,,,,,,,,,,,,,,,,,,,,,,,,,,,,,,,,,,,,,,,,,,,,,,,,,,,,,,,,,,,,,,,,,,,,,,,,,,,,,,,,,,,,,,,,,,,,,,,,,,,,,,,,,,,,,,,131,,,,,,,,,,,,,,,,,,,,,,,,,,,,,,,,
2024-01-01,,,,485,,,,,,,,,,,,,,,,,,,,,,,,,,,,,,,323,,,,,,,,,,,,,,,18,,,,,,,,,,18,,,,,,,,,,,,,,,,,,,,,,,,,,,,,,,,,,,,,,,,,,,,,,,,,,,,,,,,,,,,,,,,,,,,,,,,,,,,,,,,,,,,,,,,,,,,,,,,,,,,,,,,,,,,,,,,,,,,990,,,,,,,,,,,,,,,558,,,,,,,,,,,,267,,,,,,,,,,10,,,,,,,,,,,,,,,,,111,,,,,,,,,,,,,,,,,,,,,,,131,,,,,,,,,,,,,,,,,,,,,,,,,,,,,,,,
2024-01-08,,,,,,,,,,,,,,,,,,,,,,,,,,,,,,,,,,,,,,,,,,,,,,,,,,,,,,,,,,,,,,,,,,,,,,,,,,,,,,,,,,,,,,,,,,,,,,,,,,,,,,,,,,,,,,,,,,,,,,,,,,,,,,,,,,,,,,,,,,,,,,,,,,,,,,,,,,,,,,,,,,,,,,,,,,,,,,,,,,,,,,,,,,,,,,,,,,,,,,,,,,,,,,,,,,,,,,,,,,,,,,,,,,,,,,,,,,,,,,,,,,,,,,,,,,,,,136,,,,,,,,,,,,,,,,,,,,,,,,,,,,,,,,
2024-01-11,,,,,,,,,,,,,,,,,,,,,,,,,,,,,,,,,,,,,,,,,,,,,,,,,,,,,,,,,,,,,,,,,,,,,,,,,,,,,,,,,,,,,,,,,,,,,,,,,,,,,,,,,,,,,,,,,,,,,,,,,,,,,,,,,,,,,,,,,,,,,,,,,,,,,,,,,,,,,,,,,,,,,,,,,,,,,,,,,,,,,,,,,,,,,,,,,,,,,,,,,,,,,,,,,,,,,,,,,,,,,,,,,,,,,,,,,,,,,,,,,,,,,,,,,,,,,,,,,,,,,,,,,,,,,,,,,,,,,,,,,121879,,,,
2024-01-17,,,,,,,,,,,,,,,,,,,,,,,,,,,,,,,,,,,,,,,,,,,,,,,,,,,,,,,,,,,,,,,,,,,,,,,,,,,,,,,,,,,,,,,,,,,,,,,,,,,,,,,,,,,,,,,,,,,,,,,,,,,,,,,,,,,,,,,,,,,,,,,,,,,,,,,,,,,,,,,,,,,,,,,,,,,,,,,,,,,,,,,,,,,,,,,,,,,,,,,,,,,,,,,,,,,,,,,,,,,,,,,,,,,,,,,,,,,,,,,,,,,,,,,,,,,,,136,,,,,,,,,,,,,,,,,,,,,,,,,,,,,,,,
2024-01-18,,,,,,,,,,,,,,,,,,,,,,,,,,,,,,,,,,,,,,,,,,,,,,,,,,,,,,,,,,,,,,,,,,,,,,,,,,,,,,,,,,,,,,,,,,,,,,,,,,,,,,,,,,,,,,,,,,,,,,,,,,,,,,,,,,,,,,,,,,,,,,,,,,,,,,,,,,,,,,,,,,,,,,,,,,,,,,,,,,,,,,,,,,,,,,,,,,,,,,,,,,,,,,,,,,,,,,,,,,,,,,,,,,,,,,,,,,,,,,,,,,,,,,,,,,,,,136,,,,,,,,,,,,,,,,,,,,,,,,,,,,,,,,
2024-01-19,,,,,,,,,,,,,,,,,,,,,,,,,,,,,,,,,,,,,,,,,,,,,,,,,,,,,,,,,,,,,,,,,,,,,,,,,,,,,,,,,,,,,,,,,,,,,,,,,,,,,,,,,,,,,,,,,,,,,,,,,,,,,,,,,,,,,,,,,,,,,,,,,,,,,,,,,,,,,,,,,,,,,,,,,,,,,,,,,,,,,,,,,,,,,,,,,,,,,,,,,,,,,,,,,,,,,,,,,,,,,,,,,,,,,,,,,,,,,,,,,,,,,,,,,,,,,136,,,,,,,,,,,,,,,,,,,,,,,,,,,,,,,,
2024-01-24,,,,,,,,,,,,,,,,,,,,,,,,,,,,,,,,,,,,,,,,,,,,,,,,,,,,,,,,,,,,,,,,,,,,,,,,,,,,,,,,,,,,,,,,,,,,,,,,,,,,,,,,,,,,,,,,,,,,,,,,,,,,,,,,,,,,,,,,,,,,,,,,,,,,,,,,,,,,,,,,,,,,,,,,,,,,,,,,,,,,,,,,,,,,,,,,,,,,,,,,,,,,,,,,,,,,,,,,,,,,,,,,,,,,,,,,,,,,,,,,,,,,,,,,,,,,,136,,,,,,,,,,,,,,,,,,,,,,,,,,,,121879,,,,
2024-01-25,,,,,,,,,,,,,,,,,,,,,,,,,,,,,,,,,,,,,,,,,,,,,,,,,,,,,,,,,,,,,,,,,,,,,,,,,,,,,,,,,,,,,,,,,,,,,,,,,,,,,,,,,,,,,,,,,,,,,,,,,,,,,,,,,,,,,,,,,,,,,,,,,,,,,,,,,,,,,,,,,,,,,,,,,,,,,,,,,,,,,,,,,,,,,,,,,,,,,,,,,,,,,,,,,,,,,,,,,,,,,,,,,,,,,,,,,,,,,,,,,,,,,,,,,,,,,136,,,,,,,,,,,,,,,,,,,,,,,,,,,,,,,,
2024-01-27,,,,,,,,,,,,,,,,,,,,,,,,,,,,,,,,,,,,,,,,,,,,,,,,,,,,,,,,,,,,,,,,,,,,,,,,,,,,,,,,,,,,,,,,,,,,,,,,,,,,,,,,,,,,,,,,,,,,,,,,,,,,,,,,,,,,,,,,,,,,,,,,,,,,,,,,,,,,,,,,,,,,,,,,,,,,,,,,,,,,,,,,,,,,,,,,,,,,,,,,,,,,,,,,,,,,,,,,,,,,,,,,,,,,,,,,,,,,,,,,,,,,,,,,,,,,,136,,,,,,,,,,,,,,,,,,,,,,,,,,,,,,,,
2024-01-28,,,,,,,,,,,,,,,,,,,,,,,,,,,,,,,,,,,,,,,,,,,,,,,,,,,,,,,,,,,,,,,,,,,,,,,,,,,,,,,,,,,,,,,,,,,,,,,,,,,,,,,,,,,,,,,,,,,,,,,,,,,,,,,,,,,,,,,,,,,,,,,,,,,,,,,,,,,,,,,,,,,,,,,,,,,,,,,,,,,,,,,,,,,,,,,,,,,,,,,,,,,,,,,,,,,,,,,,,,,,,,,,,,,,,,,,,,,,,,,,,,,,,,,,,,,,,136,,,,,,,,,,,,,,,,,,,,,,,,,,,,,,,,
2024-01-29,,,,,,,,,,,,,,,,,,,,,,,,,,,,,,,,,,,,,,,,,,,,,,,,,,,,,,,,,,,,,,,,,,,,,,,,,,,,,,,,,,,,,,,,,,,,,,,,,,,,,,,,,,,,,,,,,,,,,,,,,,,,,,,,,,,,,,,,,,,,,,,,,,,,,,,,,,,,,,,,,,,,,,,,,,,,,,,,,,,,,,,,,,,,,,,,,,,,,,,,,,,,,,,,,,,,,,,,,,,,,,,,,,,,,,,,,,,,,,,,,,,,,,,,,,,,,136,,,,,,,,,,,,,,,,,,,,,,,,,,,,,,,,
2024-02-01,,,,485,,,,,,,,,,,,,,,,,,,,,,,,,,,,,,,323,,,,,,,,,,,,,,,18,,,,,,,,,,18,,,,,,,,,,,,,,,,,,,,,,,,,,,,,,,,,,,,,,,,,,,,,,,,,,,,,,,,,,,,,,,,,,,,,,,,,,,,,,,,,,,,,,,,,,,,,,,,,,,,,,,,,,,,,,,,,,,,990,,,,,,,,,,,,,,,558,,,,,,,,,,,,270,,,,,,,,,,10,,,,,,,,,,,,,,,,,111,,,,,,,,,,,,,,,,,,,,,,,136,,,,,,,,,,,,,,,,,,,,,,,,,,,,121882,,,,
2024-02-02,,,,,,,,,,,,,,,,,,,,,,,,,,,,,,,,,,,,,,,,,,,,,,,,,,,,,,,,,,,,,,,,,,,,,,,,,,,,,,,,,,,,,,,,,,,,,,,,,,,,,,,,,,,,,,,,,,,,,,,,,,,,,,,,,,,,,,,,,,,,,,,,,,,,,,,,,,,,,,,,,,,,,,,,,,,,,,,,,,,,,,,,,,,,,,,,,,,,,,,,,,,,,,,,,,,,,,,,,,,,,,,,,,,,,,,,,,,,,,,,,,,,,,,,,,,,,136,,,,,,,,,,,,,,,,,,,,,,,,,,,,,,,,
2024-02-06,,,,259,,,,,,,,,,,,,,,,,,,,,,,,,,,,,,,,,,,,,,,,,,,,,,,,,,,,,,,,,,,,,,,,,,,,,,,,,,,,,,,,,,,,,,,,,,,,,,,,,,,,,,,,,,,,,,,,,,,,,,,,,,,,,,,,,,,,,,,,,,,,,,,,,,,,,,,,,,,,,229,,,,,,,,,,,,,,,,,,,,,,,,,,,,,,,,,,,,,,,,,,,,,,,,,,,,,,,,,,,,,,,,,,,,,,,,,,,,,,,,,,,,,,,,,,,,,,,,,,,,,,,,,,,,,,,,,,,,,,,,,,,,
2024-02-07,,,,259,,,,,,,,,,,,,,,,,,,,,,,,,,,,,,,,,,,,,,,,,,,,,,,,,,,,,,,,,,,,,,,,,,,,,,,,,,,,,,,,,,,,,,,,,,,,,,,,,,,,,,,,,,,,,,,,,,,,,,,,,,,,,,,,,,,,,,,,,,,,,,,,,,,,,,,,,,,,,229,,,,,,,,,,,,,,,,,,,,,,,,,,,,,,,,,,,,,,,,,,,,,,,,,,,,,,,,,,,,,,,,,,,,,,,,,,,,,,,,,,,,,,,,,,,,,,,,,,,,,,,,,,,,,,,,,,,,,,,,,,,,
2024-02-08,,,,259,,,,,,,,,,,,,,,,,,,,,,,,,,,,,,,,,,,,,,,,,,,,,,,,,,,,,,,,,,,,,,,,,,,,,,,,,,,,,,,,,,,,,,,,,,,,,,,,,,,,,,,,,,,,,,,,,,,,,,,,,,,,,,,,,,,,,,,,,,,,,,,,,,,,,,,,,,,,,,,,,,,,,,,,,,,,,,,,,,,,,,,,,,,,,,,,,,,,,,,,,,,,,,,,,,,,,,,,,,,,,,,,,,,,,,,,,,,,,,,,,,,,,,,,,,,,,,,,,,,,,,,,,,,,,,,,,,,,,,,,,
2024-02-14,,,,259,,,,,,,,,,,,,,,,,,,,,,,,,,,,,,,,,,,,,,,,,,,,,,,,,,,,,,,,,,,,,,,,,,,,,,,,,,,,,,,,,,,,,,,,,,,,,,,,,,,,,,,,,,,,,,,,,,,,,,,,,,,,,,,,,,,,,,,,,,,,,,,,,,,,,,,,,,,,,229,,,,,,,,,,,,,,,,,,,,,,,,,,,,,,,,,,,,,,,,,,,,,,,,,,,,,,,,,,,,,,,,,,,,,,,,,,,,,,,,,,,,,,,,,,,,,,,,,,,,,,,,,,,,,,,,,,,,,,,,121885,,,,
2024-02-21,,,,,,,,,,,,,,,,,,,,,,,,,,,,,,,,,,,,,,,,,,,,,,,,,,,,,,,,,,,,,,,,,,,,,,,,,,,,,,,,,,,,,,,,,,,,,,,,,,,,,,,,,,,,,,,,,,,,,,,,,,,,,,,,,,,,,,,,,,,,,,,,,,,,,,,,,,,,,,,,,,,,,,,,,,,,,,,,,,,,,,,,,,,,,,,,,,,,,,,,,,,,,,,,,,,,,,,,,,,,,,,,,,,,,,,,,,,,,,,,,,,,,,,,,,,,,,,,,,,,,,,,,,,,,,,,,,,,,,,,,121885,,,,
2024-03-04,,,,259,,,,,,,,,,,,,,,,,,,,,,,,,,,,,,,323,,,,,,,,,,,,,,,18,,,,,,,,,,18,,,,,,,,,,,,,,,,,,,,,,,,,,,,,,,,,,,,,,,,,,,,,,,,,,,,,,,,,,,,,,,,,,,,,,,,,,,,,,,,,,,,,,,,,,,,,,,,,,,,,229,,,,,,,,,,,,,,,990,,,,,,,,,,,,,,,558,,,,,,,,,,,,270,,,,,,,,,,10,,,,,,,,,,,,,,,,,111,,,,,,,,,,,,,,,,,,,,,,,138,,,,,,,,,,,,,,,,,,,,,,,,,,,,,,,,
2024-03-06,,,,,,,,,,,,,,,,,,,,,,,,,,,,,,,,,,,,,,,,,,,,,,,,,,,,,,,,,,,,,,,,,,,,,,,,,,,,,,,,,,,,,,,,,,,,,,,,,,,,,,,,,,,,,,,,,,,,,,,,,,,,,,,,,,,,,,,,,,,,,,,,,,,,,,,,,,,,,,,,,,,,,,,,,,,,,,,,,,,,,,,,,,,,,,,,,,,,,,,,,,,,,,,,,,,,,,,,,,,,,,,,,,,,,,,,,,,,,,,,,,,,,,,,,,,,,,,,,,,,,,,,,,,,,,,,,,,,,,,,,121887,,,,
2024-03-13,,,,,,,,,,,,,,,,,,,,,,,,,,,,,,,,,,,,,,,,,,,,,,,,,,,,,,,,,,,,,,,,,,,,,,,,,,,,,,,,,,,,,,,,,,,,,,,,,,,,,,,,,,,,,,,,,,,,,,,,,,,,,,,,,,,,,,,,,,,,,,,,,,,,,,,,,,,,,,,,,,,,,,,,,,,,,,,,,,,,,,,,,,,,,,,,,,,,,,,,,,,,,,,,,,,,,,,,,,,,,,,,,,,,,,,,,,,,,,,,,,,,,,,,,,,,,,,,,,,,,,,,,,,,,,,,,,,,,,,,,121887,,,,
2024-03-20,,,,,,,,,,,,,,,,,,,,,,,,,,,,,,,,,,,,,,,,,,,,,,,,,,,,,,,,,,,,,,,,,,,,,,,,,,,,,,,,,,,,,,,,,,,,,,,,,,,,,,,,,,,,,,,,,,,,,,,,,,,,,,,,,,,,,,,,,,,,,,,,,,,,,,,,,,,,,,,,,,,,,,,,,,,,,,,,,,,,,,,,,,,,,,,,,,,,,,,,,,,,,,,,,,,,,,,,,,,,,,,,,,,,,,,,,,,,,,,,,,,,,,,,,,,,,,,,,,,,,,,,,,,,,,,,,,,,,,,,,121887,,,,
2024-03-22,,,,,,,,,,,,,,,,,,,,,,,,,,,,,,,,,,,,,,,,,,,,,,,,,,,,,,,,,,,,,,,,,,,,,,,,,,,,,,,,,,,,,,,,,,,,,,,,,,,,,,,,,,,,,,,,,,,,,,,,,,,,,,,,,,,,,,,,,,,,,,,,,,,,,,,,,,,,,,,,,,,,,,,,,,,,,,,,,,,,,,,,,,,,,,,,,,,,,,,,,,,,,,,,,,,,,,,,,,,,,,,,,,,,,,,,,,,,,,,,,,,,,,,,,802,,,,,,,,,,,,,,,,,,,,,,,,,,,,,,,,,,,,
2024-03-25,,,,,,,,,,,,,,,,,,,,,,,,,,,,,,,,,,,,,,,,,,,,,,,,,,,,,,,,,,,,,,,,,,,,,,,,,,,,,,,,,,,,,,,,,,,,,,,,,,,,,,,,,,,,,,,,,,,,,,,,,,,,,,,,,,,,,,,,,,,,,,,,,,,,,,,,,,,,,,,,,,,,,,,,,,,,,,,,,,,,,,,,,,,,,,,,,,,,,,,,,,,,,,,,,,,,,,,,,,,,,,,,,,,,,,,,,,,,,,,,,,,,,,,,,,,,,,,,,,,,,,,,,,,,,,,,,,,,,,,,,121887,,,,
2024-03-28,,,,,,,,,,,,,,,,,,,,,,,,,,,,,,,,,,,,,,,,,,,,,,,,,,,,,,,,,,,,,,,,,,,,,,,,,,,,,,,,,,,,,,,,,,,,,,,,,,,,,,,,,,,,,,,,,,,,,,,,,,,,,,,,,,,,,,,,,,,,,,,,,,,,,,,,,,,,,,,,,,,,,,,,,,,,,,,,,,,,,,,,,,,,,,,,,,,,,,,,,,,,,,,,,,,,,,,,,,,,,,,,,,,,,,,,,,,,,,,,,,,,,,,,,,,,,,,,,,,,,,,,,,,,,,,,,,,,,,,,,121887,,,,
2024-03-31,,,,259,,,,,,,,,,,,,,,,,,,,,,,,,,,,,,,323,,,,,,,,,,,,,,,18,,,,,,,,,,18,,,,,,,,,,,,,,,,,,,,,,,,,,,,,,,,,,,,,,,,,,,,,,,,,,,,,,,,,,,,,,,,,,,,,,,,,,,,,,,,,,,,,,,,,,,,,,,,,,,,,229,,,,,,,,,,,,,,,990,,,,,,,,,,,,,,,558,,,,,,,,,,,,243,,,,,,,,,,10,,,,,,,,,,,,,,,,,111,,,,,,,,,,,,,,,,,,,,,,,309,,,,,,,,,,,,,,,,,,,,,,,,,,,,,,,,
2024-04-09,,,,,,,,,,,,,,,,,,,,,,,,,,,,,,,,,,,,,,,,,,,,,,,,,,,,,,,,,,,,,,,,,,,,,,,,,,,,,,,,,,,,,,,,,,,,,,,,,,6151,,,,,,,,,,,,,,,,,,,,,,,,,,,,,,,,,,,,,,,,,,,,,,,,,,,,,,,,,,,,,,,,,,,,,,,,,,,,,,,,,,,,,,,,,,,,,,,,,,,,,,,,,,,,,,,,,,,,,,,,,,,,,,,,,,,,,,,,,,,,,,,,,,,,,,,,,,,306,,,,,,,,,,,,,,,,,,,,,,,,,,,,,,,,
2024-04-30,,,,259,,,,,,,,,,,,,,,,,,,,,,,,,,,,,,,323,,,,,,,,,,,,,,,19,,,,,,,,,,18,,,,,,,,,,,,,,,,,,,,,,,,,,,,,,,,,,,,,,,,,,,,,,,,,,,,,,,,,,,,,,,,,,,,,,,,,,,,,,,,,,,,,,,,,,,,,,,,,,,,,229,,,,,,,,,,,,,,,990,,,,,,,,,,,,,,,558,,,,,,,,,,,,243,,,,,,,,,,10,,,,,,,,,,,,,,,,,111,,,,,,,,,,,,,,,,,,,,,,,308,,,,,,,,,,,,,,,,,,,,,,,,,,,,,,,,
2024-05-01,,,,,,,,,,,,,,,,,,,,,,,,,,,,,,,,,,,,,,,,,,,,,,,,,,,,,,,,,,,,,,,,,,,,,,,,,,,,,,,,,,,,,,,,,,,,,,,,,,,,,,,,,,,,,,,,,,,,,,,,,,,,,,,,,,,,,,,,,,,,,,,,,,,,,,,,,,,,,,,,,,,,,,,,,,,,,,,,,,,,,,,,,,,,,,,,,,,,,,,,,,,,,,,,,,,,,,,,,,,,,,,,,,,,,,,,,,,,,,,,,,,,,,,,,,,,,291,,,,,,,,,,,,,,,,,,,,,,,,,,,,,,,,
2024-05-15,,,,,,,,,,,,,,,,,,,,,,,,,,,,,,,,,,,,,,,,,,,,,,,,,,,,,,,,,,,,,,,,,,,,,,,,,,,,,,,,,,,,,,,,,,,,,,,,,,6151,,,,,,,,,,,,,,,,,,,,,,,,,,,,,,,,,,,,,,,,,,,,,,,,,,,,,,,,,,,,,,,,,,,,,,,,,,,,,,,,,,,,,,,,,,,,,,,,,,,,,,,,,,,,,,,,,,,,,,,,,,,,,,,,,,,,,,,,,,,,,,,,,77198,,,,,,802,,,,292,,,,,,,,,,,,,,,,,,,,,,,,,,,,,,,,
2024-05-21,,,,,,,,,,,,,,,,,,,,,,,,,,,,,,,,,,,,,,,,,,,,,,,,,,,,,,,,,,,,,,,,,,,,,,,,,,,,,,,,,,,,,,,,,,,,,,,,,,,,,,,,,,,,,,,,,,,,,,,,,,,,,,,,,,,,,,,,,,,,,,,,,,,,,,,,,,,,,,,,,,,,,,,,,,,,,,,,,,,,,,,,,,,,,,,,,,,,,,,,,,,,,,,,,,,,,,,,,,,,,,,,,,,,,,,,,,,,,,,,,,,,,,,,,,,,,,,,,,,,,,,,,,,,,,,,,,,,,,,,,122015,,,,
2024-05-31,,,,259,,,,,,,,,,,,,,,,,,,,,,,,,,,,,,,323,,,,,,,,,,,,,,,19,,,,,,,,,,,,,,,,,,,,,,,,,,,,,,,,,,,,,,,,,,,,,,,,,,,,,,,,,,,,,,,,,,,,,,,,,,,,,,,,,,,,,,,,,,,,,,,,,,,,,,,,,,,,,,,229,,,,,,,,,,,,,,,990,,,,,,,,,,,,,,,558,,,,,,,,,,,,243,,,,,,,,,,10,,,,,,,,,,,,,,,,,111,,,,,,,,,,,,,,,,,,,,,,,292,,,,,,,,,,,,,,,,,,,,,,,,,,,,,,,,
2024-06-05,,,,,,,,,,,,,,,,,,,,733,,,,,,,,,,,,,,,,,,,,,,,,,,,,,,,,,40,,,,,,,,,,,,,,,,,,,,,,,,,,,,,,,,,,,,,,,,,,,,,,,,,,,,,,,,,,,,,,,,,,,,,,,,,,,,,,,,,,,,,,,,,,,,,,,,,,,,,,,,,,,,,,,,,,,,,,,,,,,,,,,,,,,,,,,,,,,,,,,,,,,,,,,,,,,,,,,,,,,,,,,,,,,,,,,,,,,,,,,,,,,,,,,,,,,,,,,,,,,,,,,,,,,,,,,,,,,,,,,,,,,,,,,,
2024-06-06,,,,,,,,,,,,,,,,,,,,,,,,,,,,,,,,,,,,,,,,,,,,,,,,,,,,,,,,,,,,,,,,,,,,,,,,,,,,,,,,,,,,,,,,,,,,,,,,,,,,,,,,,,,,,,,,,,,,,,,,,,,,,,,,,,,,,,,,,,,,,,,,,,,,,,,,,,,,,,,,,,,,,,,,,,,,,,,,,,,,,,,,,,,,,,,,,,,,,,,,,,,,,,,,,,,,,,,,,,,,,,,,,,,,,,,,,,,,,,,,,,,,,,,,,,,,,,,,,,,,,,,,,,,,,,,,,,,,,,,,,122055,,,,
2024-06-07,,,,,,,,,,,,,,,,,,,,,,,,,,,,,,,,,,,,,,,,,,,,,,,,,,,,,43,,,,,,,,,,,,,,,,,,,,,,,,,,,,,,,,,,,,,,,,,,,,,,,,,,,,,,,,,,,,,,,,,,,,,,,,,,,,,,,,,,,,,,,,,,,,,,,,,,,,,,,,,,,,,,,,,,,,,,,,,,,,,,,,,,,,,,,,,,,,,,,,,,,,,,,,,,,,,,,,,,,,,,,,,,,,,,,,,,,,,,,,,,,,,,,,,,,,,,,,,,,,,,,,,,,,,,,,,,,,,,,,,,,,,,,,
2024-06-10,,,,,,,,,,,,,,,,,,,,733,,,,,,,,,,,,,,,,,,,,,,,,,,,,,,,,,43,,,,,,,,,,,,,,,,,,,,,,,,,,,,,,,,,,,,,,,,,,,,,,,,,,,,,,,,,,,,,,,,,,,,,,,,,,,,,,,,,,,,,,,,,,,,,,,,,,,,,,,,,,,,,,,,,,,3,,,,,,,,,,,,,,,,,,,,,,,,,,,,,,,,,,,,,,,,,,,,,,,,,,,,,,,,,,,,,,,,,,,,,,,,,,,,,,,,,,,,,,,,,,,,,,,,,,,,,,,,,,,,,,,,,,,,,
2024-06-11,,,,,,,,,,,,,,,,,,,,733,,,,,,,,,,,,,,,,,,,,,,,,,,,,,,,,,,,,,,,,,,,,,,,,,,,,,,,,,,,,,,,,,,,,,,,,,,,,,,,,,,,,,,,,,,,,,,,,,,,,,,,,,,,,,,,,,,,,,,,,,,,,,,,,,,,,,,,,,,,,,,,,,,,,3,,,,,,,,,,,,,,,,,,,,,,,,,,,,,,,,,,,,,,,,,,,,,,,,,,,,,,,,,,,,,,,,,,,,,,,,,,,,,,,,,,,,,,,,,,,,,,,,,,,,,,,,,,,,,,,,,,,,,
2024-06-12,,,,,,,,,,,,,,,,,,,,,,,,,,,,,,,,,,,,,,,,,,,,,,,,,,,,,,,,,,,,,,,,,,,,,,,,,,,,,,,,,,,,,,,,,,,,,,,,,,,,,,,,,,,,,,,,,,,,,,,,,,,,,,,,,,,,,,,,,,,,,,,,,,,,,,,,,,,,,,,,,,,,,,,,3,,,,,,,,,,,,,,,,,,,,,,,,,,,,,,,,,,,,,,,,,,,,,,,,,,,,,,,,,,,,,,,,,,,,,,,,,,,,,,,,,,,,,,,,,,,,,,,,,,,,,,,,,,,,,,,,,,,,,
2024-06-20,,,,,,,,,,,,,,,,,,,,,,,,,,,,,,,,,,,,,,,,,,,,,,,,,,,,,,,,,,,,,,,,,,,,,,,,,,,,,,,,,,,,,,,,,,,,,,,,,,,,,,,,,,,,,,,,,,,,,,,,,,,,,,,,,,,,,,,,,,,,,,,,,,,,,,,,,,,,,,,,,,,,,,,,3,,,,,,,,,,,,,,,,,,,,,,,,,,,,,,,,,,,,,,,,,,,,,,,,,,,,,,,,,,,,,,,,,,,,,,,,,,,,,,,,,,,,,,,,,,,,,,,,,,,,,,,,,,,,,,,,,122794,,,,
2024-06-24,,,,,,,,,,,,,,,,,,,,,,,,,,,,,,,,,,,,,,,,,,,,,,,,,,,,,,,,,,,,,,,,,,,,,,,,,,,,,,,,,,,,,,,,,,,,,,,,,,,,,,,,,,,,,,,,,,,,,,,,,,,,,,,,,,,,,,,,,,,,,,,,,,,,,,,,,,,,,,,,,,,,,,,,,,,,,,,,,,,,,,,,,,,,,,,,,,,,,,,,,,,,,,,,,,,,,10,,,,,,,,,,,,,,,,,,,,,,,,,,,,,,,,,,,,,,,,291,,,,,,,,,,,,,,,,,,,,,,,,,,,,,,,,
2024-06-25,,,,,,,,,,,,,,,,,,,,250,,,,,,,,,,,,,,,,,,,,,,,,,,,,,,,,,,,,,,,,,,,,,,,,,,,,,,,,,,,,,,,,,,,,,,,,,,,,,,,,,,,,,,,,,,,,,,,,,,,,,,,,,,,,,,,,,,,,,,,,,,,,,,,,,,,,,,,,,,,,,,,,,,,,,,,,,,,,,,,,,,,,,,,,,,,,,,,,,,,,,,,,,,,,,,,,,,,,,,,,,,,,,,,,,,,,,,,,,,,,,,,,,,,,,,,,,,,,,,,,,,,,,,,,,,,,,,,,,,,,,,,,,
2024-06-30,,,,259,,,,,,,,,,,,,,,,733,,,,,,,,,,,,,,,323,,,,,,,,,,,,,,,19,,,43,,,,,,,,,,,,,,,,,,,,,,,,,,,,,,,,,,,,,,,,,,,,,,,,,,,,,,,,,,,,,,,,,,,,,,,,,,,,,,,,,,,,,,,,,,,,,,,,,,,,,,,,,,,,229,,,,,,,3,,,,,,,,990,,,,,,,,,,,,,,,558,,,,,,,,,,,,243,,,,,,,,,,10,,,,,,,,,,,,,,,,,111,,,,,,,,,,,,,,,,,,,,,,,291,,,,,,,,,,,,,,,,,,,,,,,,,,,,,,,,
2024-07-02,,,,,,,,,,,,,,,,,,,,,,,,,,,,,,,,,,,,,,,,,,,,,,,,,,,,,43,,,,,,,,,,,,,,,,,,,,,,,,,,,,,,,,,,,,,,,,,,,,,,,,,,,,,,,,,,,,,,,,,,,,,,,,,,,,,,,,,,,,,,,,,,,,,,,,,,,,,,,,,,,,,,,,,,,,,,,,,,,,,,,,,,,,,,,,,,,,,,,,,,,,,,,,,,,,,,,,,,,,,,,,,,,,,,,,,,,,,,,,,,,,,,,,,,,,,,,,,,,,,,,,,,,,,,,,,,,,,,,,,,,,,,,,
2024-07-04,,,,,,,,,,,,,,,,,,,,,,,,,,,,,,,,,,,,,,,,,,,,,,,,,,,,,,,,,,,,,,,,,,,,,,,,,,,,,,,,,,,,,,,,,,,,,,,,,,,,,,,,,,,,,,,,,,,,,,,,,,,,,,,,,,,,,,,,,,,,,,,,,,,,,,,,13148,,,,,,,,,,,,,,,,,,,,,,,,,,,,,,,,,,,,,,,,,,,,,,,,,,,,,,,,,,,,,,,,,,,,,,,,,,,,,,,,,,,,,,,,,,,,,,,,,,,,,,,,,,,,,,,,,,,,,,,,,,,,,,,,,,,,,
2024-07-06,,,,,,,,,,,,,,,,,,,,,,,,,,,,,,,,,,,,,,,,,,,,,,,,,,,,,,,,,,,,,,,,,,,,,,,,,,,,,,,,,,,,,,,,,,,,,,,,,,,,,,,,,,,,,,,,,,,,,,,,,,,,,,,,,,,,,,,,,,,,,,,,,,,,,,,,,,,,,,,,,,,,,,,,,,,,,,,,,,,,,,,,,,,,,,,,,,,,,,,,,,,,,,,,,,,,,,,,,,,,,,,,,,,,,,,,,,,,,,,,,,,,,,,,,,,,,,,,,,,,,,,,,,,,,,,,,,,,,,,,,103393,,,,
2024-07-11,,,,,,,,,,,,,,,,,,,,,,,,,,,,,,,,,,,,,,,,,,,,,,,,,,,,,,,,,,,,,,,,,,,,,,,,,,,,,,,,,,,,,,,,,,,,,,,,,,,,,,,,,,,,,,,,,,,,,,,,,,,,,,,,,,,,,,,,,,,,,,,,,,,,,,,,,,,,,,,,,,,,,,,,,,,,,,,,,,,,,,,,,,,,,,,,,,,,,,,,,,,,,,,,,,,,,,,,,,,,,,,,,,,,,,,,,,,,,,,,,,,,,,,,,802,,,,,,,,,,,,,,,,,,,,,,,,,,,,,,,,,,,,
2024-07-16,,,,,,,,,,,,,,,,,,,,,,,,,,,,,,,,,,,,,,,,,,,,,,,,,,,,,,,,,,,,,,,,,,,,,,,,,,,,,,,,,,,,,,,,,,,,,,,,,,,,,,,,,,,,,,,,,,,,,,,,,,,,,,,,,,,,,,,,,,,,,,,,,,,,,,,,,,,,,,,,,,,,,,,,,,,,,,,,,,,,,,,,,,,,,,,,,,,,,,,,,,,,,,,,,,,,,,,,,,,,,,,,,,,,,,,,,,,,,,,,,,,,,,,,,802,,,,,,,,,,,,,,,,,,,,,,,,,,,,,,,,,,,,
2024-07-21,,,,,,,,,,,,,,,,,,,,,,,,,,,,,,,,,,,,,,,,,,,,,,,,,,,,,,,,,,,,,,,,,,,,,,,,,,,,,,,,,,,,,,,,,,,,,,,,,,,,,,,,,,,,,,,,,,,,,,,,,,,,,,,,,,,,,,,,,,,,,,,,,,,,,,,,,,,,,,,,,,,,,,,,,,,,,,,,,,,,,,,,,,,,,,,,,,,,,,,,,,,,,,,,,,,,,,,,,,,,,,,,,,,,,,,,,,,,,,,,,,,,,,,,,,,,,,,,,,,,,,,,,,,,,,,,,,,,,,,,,102403,,,,
2024-07-31,,,,283,,,,,,,,,,,,,,,,733,,,,,,,,,,,,,,,323,,,,,,,,,,,,,,,19,,,43,,,,,,,,,,,,,,,,,,,,,,,,,,,,,,,,,,,,,,,,,,,,,,,,,,,,,,,,,,,,,,,,,,,,,,,,,,,,,,,,,,,,,,,,,,,,,,,,,,,13148,,,,,,,,,229,,,,,,,3,,,,,,,,,,,,,,,,,,,,,,,558,,,,,,,,,,,,243,,,,,,,,,,10,,,,,,,,,,,,,,,,,111,,,,,,,,,,,,,,,,,,,,,,,291,,,,,,,,,,,,,,,,,,,,,,,,,,,,,,,,
2024-08-02,,,,,,,,,,,,,,,,,,,,,,,,,,,,,,,,,,,,,,,,,,,,,,,,,,,,,43,,,,,,,,,,,,,,,,,,,,,,,,,,,,,,,,,,,,,,,,,,,,,,,,,,,,,,,,,,,,,,,,,,,,,,,,,,,,,,,,,,,,,,,,,,,,,,,,,,,,,,,,,,,,,,,,,,,,,,,,,,,,,,,,,,,,,,,,,,,,,,,,,,,,,,,,,,,,,,,,,,,,,,,,,,,,,,,,,,,,,,,,,,,,,,,,,,,,,,,,,,,,,,,,,,,,,,,,,,,,,,,,,,,,,,,,
2024-08-05,,,,,,,,,,,,,,,,,,,,,,,,,,,,,,,,,,,,,,,,,,,,,,,,,,,,,,,,,,,,,,,,,,,,,,,,,,,,,,,,,,,,,,,,,,,,,,,,,,,,,,,,,,,,,,,,,,,,,,,,,,,,,,,,,,,,,,,,,,,,,,,,,,,,,,,,,,,,,,,,,,,,,,,,,,,,,,,,,,,,,,,,,,,,,,,,,,,,,,,,,,,,,,,,,,,,,,,,,,,,,,,,,,,,,,,,,,,,,,,,,,,,,,,,,,,,,,,,,,,,,,,,,,,,,,,,,,,,,,,,,102427,,,,
2024-08-13,,,,,,,,,,,,,,,,,,,,,,,,,,,,,,,,,,,,,,,,,,,,,,,,,,,,,,,,,,,,,,,,,,,,,,,,,,,,,,,,,,,,,,,,,,,,,,,,,,,,,,,,,,,,,,,,,,,,,,,,,,,,,,,,,,,,,,,,,,,,,,,,,,,,,,,,,,,,,,,,,,,,,,,,,,,,,,,,723,,,,,,,,,,,,,,,,,,,,,,,,,,,,,,,,,,,,,,,,,,,,,,,,,,,,,,,,,,,,,,,,,,,,,,,,,,,,,,,,,,,,,,,,,,,,,,,,,,,,,,,,,,,,,
2024-08-14,,,,,,,,,,,,,,,,,,,,,,,,,,,,,,,,,,,323,,,,,,,,,,,,,,,,,,,,,,,,,,,,,,,,,,,,,,,,,,,,,,,,,,,,,,,,,,,,,,,,,,,,,,,,,,,,,,,,,,,,,,,,,,,,,,,,,,,,,,,,,,,,,,,,,,,,,,,,,,,,,,,,,,,,,3,,,,,,,,,,,,,,,,,,,,,,,558,,,,,,,,,,,,,,,,,,,,,,,,,,,,,,,,,,,,,,,,,,,,,,,,,,,,,,,,,,,,,,,,,,,,,,,,,,,,,,,,,,,,,,,,,,,,,,
2024-08-21,,,,,,,,,,,,,,,,,,,,,,,,,,,,,,,,,,,,,,,,,,,,,,,,,,,,,,,,,,,,,,,,,,,,,,,,,,,,,,,,,,,,,,,,,,,,,,,,,,,,,,,,,,,,,,,,,,,,,,,,,,,,,,,,,,,,,,,,,,,,,,,,,,,,,,,,,,,,,,,,,,,,,,,,,,,,,,,,,,,,,,,,,,,,,,,,,,,,,,,,,,,,,,,,,,,,,,,,,,,,,,,,,,,,,,,,,,,,,,,,,,,,,,,,,,,,,,,,,,,,,,,,,,,,,,,,,,,,,,,,,103150,,,,
2024-08-31,,,,283,,,,,,,,,,,,,,,,733,,,,,,,,,,,,,,,323,,,,,,,,,,,,,,,19,,,43,,,,,,,,,,,,,,,,,,,,,,,,,,,,,,,,,,,,,,,,,,,,,,,,,,,,,,,,,,,,,,,,,,,,,,,,,,,,,,,,,,,,,,,,,,,,,,,,,,,13150,,,,,,,,,229,,,,,,,3,,,,,,,,726,,,,,,,,,,,,,,,558,,,,,,,,,,,,243,,,,,,,,,,10,,,,,,,,,,,,,,,,,111,,,,,,,,,,,,,,,,,,,,,,,291,,,,,,,,,,,,,,,,,,,,,,,,,,,,,,,,
2024-09-06,,,,,,,,,,,,,,,,,,,,,,,,,,,,,,,,,,,,,,,,,,,,,,,,,,,,,,,,,,,,,,,,,,,,,,,,,,,,,,,,,,,,,,,,,,,,,,,,,,,,,,,,,,,,,,,,,,,,,,,,,,,,,,,,,,,,,,,,,,,,,,,,,,,,,,,,,,,,,,,,,,,,,,,,,,,,,,,,,,,,,,,,,,,,,,,,,,,,,,,,,,,,,,,,,,,,,,,,,,,,,,,,,,,,,,,,,,,,,,,,,,,,,,,,,,,,,,,,,,,,,,,,,,,,,,,,,,,,,,,,,103155,,,,
2024-09-11,,,,,,,,,,,,,,,,,,,,,,,,,,,,,,,,,,,,,,,,,,,,,,,,,,,,,,,,,,,,,,,,,,,,,,,,,,,,,,,,,,,,,,,,,,,,,,,,,,,,,,,,,,,,,,,,,,,,,,,,,,,,,,,,,,,,,,,,,,,,,,,,,,,,,,,,,,,,,,,,,,,,,,,,,,,,,,,,,,,,,,,,,,,,,,,,,,,,,,,,,,,,,,,,,,,,,,,,,,,,,,,,,,,,,,,,,,,,,,,,,,,,,,,,,,,,,,,,,,,,,,,,,,,,,,,,,,,,,,,,,103155,,,,
2024-09-12,,,,,9,,,,,,,,,,,,,,,,,,,,,,,,,,,,,,,,,,,,,,,,,,,,,,,,,,,,,,,,,,,,,,,,,,,,,,,,,,,,,,,,,,,,,,,,,,,,,,,,,,,,,,,,,,,,,,,,,,,,,,,,,,,,,,,,,,,,,,,,,,,,,,,,,,,,,,,,,,,,,,,,,,,,,,,,,,,,,,,,,,,,,,,,,,,,,,,,,,,,,,,,,,,,,,,,,,,,,,,,,,,,,,,,,,,,,,,,,,,,,,,,,,,,,,,,,,,,,,,,,,,,,,,,,,,,,,,,,,,,9,,,,
2024-09-13,,,,,,,,,,,,,,,,,,,,,,,,,,,,,,,,,,,,,,,,,,,,,,,,,,,,,,,,,,,,,,,,,,,,,,,,,,,,,,,,,,,,,,,,,,,,,,,,,,,,,,,,,,,,,,,,,,,,,,,,,,,,,,,,,,,,,,,,,,,,,,,,,,,,,,,,,,,,,,,,,,,,,,,,,,,,,,,,,,,,,,,,,,,,,,,,,,,,,,,,,,,,,,,,,,,,,,,,,,,,,,,,,,,,,,,,,,,,,,,,,,,,,,,,,,,,,,,,,,,,,,,,,,,,,,,,,,,,,,,,,9,,,,
2024-09-14,,,,,,,,,,,,,,,,,,,,,,,,,,,,,,,,,,,,,,,,,,,,,,,,,,,,,,,,,,,,,,,,,,,,,,,,,,,,,,,,,,,,,,,,,,,,,,,,,,,,,,,,,,,,,,,,,,,,,,,,,,,,,,,,,,,,,,,,,,,,,,,,,,,,,,,,,,,,,,,,,,,,,,,,,,,,,,,,,,,,,,,,,,,,,,,,,,,,,,,,,,,,,,,,,,,,,,,,,,,,,,,,,,,,,,,,,,,,,,,,,,,,,,,,,,,,,,,,,,,,,,,,,,,,,,,,,,,,,,,,,9,,,,
2024-09-15,,,,,,,,,,,,,,,,,,,,,,,,,,,,,,,,,,,,,,,,,,,,,,,,,,,,,,,,,,,,,,,,,,,,,,,,,,,,,,,,,,,,,,,,,,,,,,,,,,,,,,,,,,,,,,,,,,,,,,,,,,,,,,,,,,,,,,,,,,,,,,,,,,,,,,,,,,,,,,,,,,,,,,,,,,,,,,,,,,,,,,,,,,,,,,,,,,,,,,,,,,,,,,,,,,,,,,,,,,,,,,,,,,,,,,,,,,,,,,,,,,,,,,,,,,,,,,,,,,,,,,,,,,,,,,,,,,,,,,,,,9,,,,
2024-09-16,,,,,10,,,,,,,,,,,,,,,,,,,,,,,,,,,,,,,,,,,,,,,,,,,,,,,,,,,,,,,,,,,,,,,,,,,,,,,,,,,,,,,,,,,,,,,,,,,,,,,,,,,,,,,,,,,,,,,,,,,,,,,,,,,,,,,,,,,,,,,,,,,,,,,,,,,,,,,,,,,,,,,,,,,,,,,,,,,,,,,,,,,,,,,,,,,,,,,,,,,,,,,,,,,,,,,,,,,,,,,,,,,,,,,,,,,,,,,,,,,,,,,,,,,,,,,,,,,,,,,,,,,,,,,,,,,,,,,,13,,,,103178,,,,
2024-09-17,,,,,,,,,,,,,,,,,,,,,,,,,,,,,,,,,,,,,,,,,,,,,,,,,,,,,,,,,,,,,,,,,,,,,,,,,,,,,,,,,,,,,,,,,,,,,,,,,,,,,,,,,,,,,,,,,,,,,,,,,,,,,,,,,,,,,,,,,,,,,,,,,,,,,,,,,,,,,,,,,,,,,,,,,,,,,,,,,,,,,,,,,,,,,,,,,,,,,,,,,,,,,,,,,,,,,,,,,,,,,,,,,,,,,,,,,,,,,,,,,,,,,,,,,,,,,,,,,,,,,,,,,,,,,,,,,,,,,13,,,,103178,,,,
2024-09-18,,,,,,,,,,,,,,,,,,,,,,,,,,,,,,,,,,,,,,,,,,,,,,,,,,,,,,,,,,,,,,,,,,,,,,,,,,,,,,,,,,,,,,,,,,,,,,,,,,,,,,,,,,,,,,,,,,,,,,,,,,,,,,,,,,,,,,,,,,,,,,,,,,,,,,,,,,,,,,,,,,,,,,,,,,,,,,,,,,,,,,,,,,,,,,,,,,,,,,,,,,,,,,,,,,,,,,,,,,,,,,,,,,,,,,,,,,,,,,,,,,,,,,,,,,,,,,,,,,,,,,,,,,,,,,,,,,,,,13,,,,103178,,,,
2024-09-19,,,,,,,,,,,,,,,,,,,,,,,,,,,,,,,,,,,,,,,,,,,,,,,,,,,,,,,,,,,,,,,,,,,,,,,,,,,,,,,,,,,,,,,,,,,,,,,,,,,,,,,,,,,,,,,,,,,,,,,,,,,,,,,,,,,,,,,,,,,,,,,,,,,,,,,,,,,,,,,,,,,,,,,,,,,,,,,,,,,,,,,,,,,,,,,,,,,,,,,,,,,,,,,,,,,,,,,,,,,,,,,,,,,,,,,,,,,,,,,,,,,,,,,,,,,,,,,,,,,,,,,,,,,,,,,,,,,,,13,,,,103178,,,,
2024-09-20,,,,,,,,,,,,,,,,,,,,,,,,,,,,,,,,,,,,,,,,,,,,,,,,,,,,,,,,,,,,,,,,,,,,,,,,,,,,,,,,,,,,,,,,,,,,,,,,,,,,,,,,,,,,,,,,,,,,,,,,,,,,,,,,,,,,,,,,,,,,,,,,,,,,,,,,,,,,,,,,,,,,,,,,,,,,,,,,,,,,,,,,,,,,,,,,,,,,,,,,,,,,,,,,,,,,,,,,,,,,,,,,,,,,,,,,,,,,,,,,,,,,,,,,,,,,,,,,,,,,,,,,,,,,,,,,,,,,,13,,,,103178,,,,
2024-09-21,,,,,,,,,,,,,,,,,,,,,,,,,,,,,,,,,,,,,,,,,,,,,,,,,,,,,,,,,,,,,,,,,,,,,,,,,,,,,,,,,,,,,,,,,,,,,,,,,,,,,,,,,,,,,,,,,,,,,,,,,,,,,,,,,,,,,,,,,,,,,,,,,,,,,,,,,,,,,,,,,,,,,,,,,,,,,,,,,,,,,,,,,,,,,,,,,,,,,,,,,,,,,,,,,,,,,,,,,,,,,,,,,,,,,,,,,,,,,,,,,,,,,,,,,,,,,,,,,,,,,,,,,,,,,,,,,,,,,13,,,,103178,,,,
2024-09-22,,,,,,,,,,,,,,,,,,,,,,,,,,,,,,,,,,,,,,,,,,,,,,,,,,,,,,,,,,,,,,,,,,,,,,,,,,,,,,,,,,,,,,,,,,,,,,,,,,,,,,,,,,,,,,,,,,,,,,,,,,,,,,,,,,,,,,,,,,,,,,,,,,,,,,,,,,,,,,,,,,,,,,,,,,,,,,,,,,,,,,,,,,,,,,,,,,,,,,,,,,,,,,,,,,,,,,,,,,,,,,,,,,,,,,,,,,,,,,,,,,,,,,,,,,,,,,,,,,,,,,,,,,,,,,,,,,,,,13,,,,103178,,,,
2024-09-23,,,,,,,,,,,,,,,,,,,,,,,,,,,,,,,,,,,,,,,,,,,,,,,,,,,,,,,,,,,,,,,,,,,,,,,,,,,,,,,,,,,,,,,,,,,,,,,,,,,,,,,,,,,,,,,,,,,,,,,,,,,,,,,,,,,,,,,,,,,,,,,,,,,,,,,,,,,,,,,,,,,,,,,,,,,,,,,,,,,,,,,,,,,,,,,,,,,,,,,,,,,,,,,,,,,,,,,,,,,,,,,,,,,,,,,,,,,,,,,,,,,,,,,,,,,,,,,,,,,,,,,,,,,,,,,,,,,,,13,,,,,,,,
2024-09-24,,,,,8,,,,,,,,,,,,,,,,,,,,,,,,,,,,,,,,,,,,,,,,,,,,,,,,,,,,,,,,,,,,,,,,,,,,,,,,,,,,,,,,,,,,,,,,,,,,,,,,,,,,,,,,,,,,,,,,,,,,,,,,,,,,,,,,,,,,,,,,,,,,,,,,,,,,,,,,,,,,,,,,,,,,,,,,,,,,,,,,,,,,,,,,,,,,,,,,,,,,,,,,,,,,,,,,,,,,,,,,,,,,,,,,,,,,,,,,,,,,,,,,,,,,,,,,,,,,,,,,,,,,,,,,,,,,,,,,13,,,,103176,,,,
2024-09-25,,,,,8,,,,,,,,,,,,,,,,,,,,,,,,,,,,,,,,,,,,,,,,,,,,,,,,,,,,,,,,,,,,,,,,,,,,,,,,,,,,,,,,,,,,,,,,,,,,,,,,,,,,,,,,,,,,,,,,,,,,,,,,,,,,,,,,,,,,,,,,,,,,,,,,,,,,,,,,,,,,,,,,,,,,,,,,,,,,,,,,,,,,,,,,,,,,,,,,,,,,,,,,,,,,,,,,,,,,,,,,,,,,,,,,,,,,,,,,,,,,,,,,,,,,,,,,,,,,,,,,,,,,,,,,,,,,,,,,13,,,,103176,,,,
2024-09-26,,,,,,,,,,,,,,,,,,,,,,,,,,,,,,,,,,,,,,,,,,,,,,,,,,19,,,,,,,,,,,,,,,,,,,,,,,,,,,,,,,,,,,,,,,,,,,,,,,,,,,,,,,,,,,,,,,,,,,,,,,,,,,,,,,,,,,,,,,,,,,,,,,,,,,,,,,,,,,,,,,,,,,,,,,,,,,,,,,,,,,,,,,,,,,,,,,,,,,,,,,,,,,,,,,,,,,,,,,,,,,,,,,,,,,,,,,,,,,,,,,,,,,,,,,,,,,,,,,,,,,,,,,,,,,,,,,,,,,13,,,,103176,,,,
2024-09-27,,,,,,,,,,,,,,,,,,,,,,,,,,,,,,,,,,,,,,,,,,,,,,,,,,,,,,,,,,,,,,,,,,,,,,,,,,,,,,,,,,,,,,,,,,,,,,,,,,,,,,,,,,,,,,,,,,,,,,,,,,,,,,,,,,,,,,,,,,,,,,,,,,,,,,,,,,,,,,,,,,,,,,,,,,,,,,,,,,,,,,,,,,,,,,,,,,,,,,,,,,,,,,,,,,,,,,,,,,,,,,,,,,,,,,,,,,,,,,,,,,,,,,,,,,,,,,,,,,,,,,,,,,,,,,,,,,,,,13,,,,103176,,,,
2024-09-28,,,,,,,,,,,,,,,,,,,,,,,,,,,,,,,,,,,,,,,,,,,,,,,,,,,,,,,,,,,,,,,,,,,,,,,,,,,,,,,,,,,,,,,,,,,,,,,,,,,,,,,,,,,,,,,,,,,,,,,,,,,,,,,,,,,,,,,,,,,,,,,,,,,,,,,,,,,,,,,,,,,,,,,,,,,,,,,,,,,,,,,,,,,,,,,,,,,,,,,,,,,,,,,,,,,,,,,,,,,,,,,,,,,,,,,,,,,,,,,,,,,,,,,,,,,,,,,,,,,,,,,,,,,,,,,,,,,,,13,,,,103176,,,,
2024-09-29,,,,,,,,,,,,,,,,,,,,,,,,,,,,,,,,,,,,,,,,,,,,,,,,,,,,,,,,,,,,,,,,,,,,,,,,,,,,,,,,,,,,,,,,,,,,,,,,,,,,,,,,,,,,,,,,,,,,,,,,,,,,,,,,,,,,,,,,,,,,,,,,,,,,,,,,,,,,,,,,,,,,,,,,,,,,,,,,,,,,,,,,,,,,,,,,,,,,,,,,,,,,,,,,,,,,,,,,,,,,,,,,,,,,,,,,,,,,,,,,,,,,,,,,,,,,,,,,,,,,,,,,,,,,,,,,,,,,,13,,,,103176,,,,
2024-09-30,,,,288,,,,,,,,,,,,,,,,733,,,,,,,,,,,,,,,323,,,,,,,,,,,,,,,19,,,43,,,,,,,,,,,,,,,,,,,,,,,,,,,,,,,,,,,,,,,,,,,,,,,,,,,,,,,,,,,,,,,,,,,,,,,,,,,,,,,,,,,,,,,,,,,,,,,,,,,13150,,,,,,,,,229,,,,,,,3,,,,,,,,726,,,,,,,,,,,,,,,558,,,,,,,,,,,,243,,,,,,,,,,10,,,,,,,,,,,,,,,,,111,,,,,,,,,,,,,,,,,,,,,,,291,,,,,,,,,,,,,,,,,,,,,,,,13,,,,103181,,,,
2024-10-01,,,,,,,,,,,,,,,,,,,,,,,,,,,,,,,,,,,,,,,,,,,,,,,,,,,,,,,,,,,,,,,,,,,,,,,,,,,,,,,,,,,,,,,,,,,,,,,,,,,,,,,,,,,,,,,,,,,,,,,,,,,,,,,,,,,,,,,,,,,,,,,,,,,,,,,,,,,,,,,,,,,,,,,,,,,,,,,,,,,,,,,,,,,,,,,,,,,,,,,,,,,,,,,,,,,,,,,,,,,,,,,,,,,,,,,,,,,,,,,,,,,,,,,,,,,,,,,,,,,,,,,,,,,,,,,,,,,,,13,,,,103181,,,,
2024-10-02,,,,,,,,,,,,,,,,,,,,,,,,,,,,,,,,,,,,,,,,,,,,,,,,,,,,,,,,,,,,,,,,,,,,,,,,,,,,,,,,,,,,,,,,,,,,,,,,,,,,,,,,,,,,,,,,,,,,,,,,,,,,,,,,,,,,,,,,,,,,,,,,,,,,,,,,,,,,,,,,,,,,,,,,,,,,,,,,,,,,,,,,,,,,,,,,,,,,,,,,,,,,,,,,,,,,,,,,,,,,,,,,,,,,,,,,,,,,,,,,,,,,,,,,,,,,,,,,,,,,,,,,,,,,,,,,,,,,,13,,,,103181,,,,
2024-10-03,,,,,,,,,,,,,,,,,,,,,,,,,,,,,,,,,,,,,,,,,,,,,,,,,,,,,,,,,,,,,,,,,,,,,,,,,,,,,,,,,,,,,,,,,,,,,,,,,,,,,,,,,,,,,,,,,,,,,,,,,,,,,,,,,,,,,,,,,,,,,,,,,,,,,,,,,,,,,,,,,,,,,,,,,,,,,,,,,,,,,,,,,,,,,,,,,,,,,,,,,,,,,,,,,,,,,,,,,,,,,,,,,,,,,,,,,,,,,,,,,,,,,,,,,,,,,,,,,,,,,,,,,,,,,,,,,,,,,12,,,,103180,,,,
2024-10-04,,,,,,,,,,,,,,,,,,,,,,,,,,,,,,,,,,,,,,,,,,,,,,,,,,,,,,,,,,,,,,,,,,,,,,,,,,,,,,,,,,,,,,,,,,,,,,,,,,,,,,,,,,,,,,,,,,,,,,,,,,,,,,,,,,,,,,,,,,,,,,,,,,,,,,,,,,,,,,,,,,,,,,,,,,,,,,,,,,,,,,,,,,,,,,,,,,,,,,,,,,,,,,,,,,,,,,,,,,,,,,,,,,,,,,,,,,,,,,,,,,,,,,,,,,,,,,,,,,,,,,,,,,,,,,,,,,,,,12,,,,103180,,,,
2024-10-05,,,,,,,,,,,,,,,,,,,,,,,,,,,,,,,,,,,,,,,,,,,,,,,,,,,,,,,,,,,,,,,,,,,,,,,,,,,,,,,,,,,,,,,,,,,,,,,,,,,,,,,,,,,,,,,,,,,,,,,,,,,,,,,,,,,,,,,,,,,,,,,,,,,,,,,,,,,,,,,,,,,,,,,,,,,,,,,,,,,,,,,,,,,,,,,,,,,,,,,,,,,,,,,,,,,,,,,,,,,,,,,,,,,,,,,,,,,,,,,,,,,,,,,,,,,,,,,,,,,,,,,,,,,,,,,,,,,,,12,,,,103180,,,,
2024-10-06,,,,,,,,,,,,,,,,,,,,,,,,,,,,,,,,,,,,,,,,,,,,,,,,,,,,,,,,,,,,,,,,,,,,,,,,,,,,,,,,,,,,,,,,,,,,,,,,,,,,,,,,,,,,,,,,,,,,,,,,,,,,,,,,,,,,,,,,,,,,,,,,,,,,,,,,,,,,,,,,,,,,,,,,,,,,,,,,,,,,,,,,,,,,,,,,,,,,,,,,,,,,,,,,,,,,,,,,,,,,,,,,,,,,,,,,,,,,,,,,,,,,,,,,,,,,,,,,,,,,,,,,,,,,,,,,,,,,,12,,,,103180,,,,
2024-10-07,,,,,,,,,,,,,,,,,,,,,,,,,,,,,,,,,,,,,,,,,,,,,,,,,,,,,,,,,,,,,,,,,,,,,,,,,,,,,,,,,,,,,,,,,,,,,,,,,,,,,,,,,,,,,,,,,,,,,,,,,,,,,,,,,,,,,,,,,,,,,,,,,,,,,,,,,,,,,,,,,,,,,,,,,,,,,,,,,,,,,,,,,,,,,,,,,,,,,,,,,,,,,,,,,,,,,,,,,,,,,,,,,,,,,,,,,,,,,,,,,,,,,,,,,,,,,,,,,,,,,,,,,,,,,,,,,,,,,12,,,,103180,,,,
2024-10-08,,,,,,,,,,,,,,,,,,,,,,,,,,,,,,,,,,,,,,,,,,,,,,,,,,,,,,,,,,,,,,,,,,,,,,,,,,,,,,,,,,,,,,,,,,,,,,,,,,,,,,,,,,,,,,,,,,,,,,,,,,,,,,,,,,,,,,,,,,,,,,,,,,,,,,,,,,,,,,,,,,,,,,,,,,,,,,,,,,,,,,,,,,,,,,,,,,,,,,,,,,,,,,,,,,,,,,,,,,,,,,,,,,,,,,,,,,,,,,,,,,,,,,,,,,,,,,,,,,,,,,,,,,,,,,,,,,,,,12,,,,,,,,
2024-10-09,,,,,,,,,,,,,,,,,,,,,,,,,,,,,,,,,,,,,,,,,,,,,,,,,,,,,,,,,,,,,,,,,,,,,,,,,,,,,,,,,,,,,,,,,,,,,,,,,,,,,,,,,,,,,,,,,,,,,,,,,,,,,,,,,,,,,,,,,,,,,,,,,,,,,,,,,,,,,,,,,,,,,,,,,,,,,,,,,,,,,,,,,,,,,,,,,,,,,,,,,,,,,,,,,,,,,,,,,,,,,,,,,,,,,,,,,,,,,,,,,,,,,,,,,,,,,,,,,,,,,,,,,,,,,,,,,,,,,12,,,,103180,,,,
2024-10-10,,,,,,,,,,,,,,,,,,,,,,,,,,,,,,,,,,,,,,,,,,,,,,,,,,,,,,,,,,,,,,,,,,,,,,,,,,,,,,,,,,,,,,,,,,,,,,,,,,,,,,,,,,,,,,,,,,,,,,,,,,,,,,,,,,,,,,,,,,,,,,,,,,,,,,,,,,,,,,,,,,,,,,,,,,,,,,,,,,,,,,,,,,,,,,,,,,,,,,,,,,,,,,,,,,,,,,,,,,,,,,,,,,,,,,,,,,,,,,,,,,,,,,,,,,,,,,,,,,,,,,,,,,,,,,,,,,,,,12,,,,103180,,,,
2024-10-11,,,,,,,,,,,,,,,,,,,,,,,,,,,,,,,,,,,,,,,,,,,,,,,,,,,,,,,,,,,,,,,,,,,,,,,,,,,,,,,,,,,,,,,,,,,,,,,,,,,,,,,,,,,,,,,,,,,,,,,,,,,,,,,,,,,,,,,,,,,,,,,,,,,,,,,,,,,,,,,,,,,,,,,,,,,,,,,,,,,,,,,,,,,,,,,,,,,,,,,,,,,,,,,,,,,,,,,,,,,,,,,,,,,,,,,,,,,,,,,,,,,,,,,,,,,,,,,,,,,,,,,,,,,,,,,,,,,,,12,,,,103180,,,,
2024-10-12,,,,,,,,,,,,,,,,,,,,,,,,,,,,,,,,,,,,,,,,,,,,,,,,,,,,,,,,,,,,,,,,,,,,,,,,,,,,,,,,,,,,,,,,,,,,,,,,,,,,,,,,,,,,,,,,,,,,,,,,,,,,,,,,,,,,,,,,,,,,,,,,,,,,,,,,,,,,,,,,,,,,,,,,,,,,,,,,,,,,,,,,,,,,,,,,,,,,,,,,,,,,,,,,,,,,,,,,,,,,,,,,,,,,,,,,,,,,,,,,,,,,,,,,,,,,,,,,,,,,,,,,,,,,,,,,,,,,,12,,,,103180,,,,
2024-10-13,,,,,,,,,,,,,,,,,,,,,,,,,,,,,,,,,,,,,,,,,,,,,,,,,,,,,,,,,,,,,,,,,,,,,,,,,,,,,,,,,,,,,,,,,,,,,,,,,,,,,,,,,,,,,,,,,,,,,,,,,,,,,,,,,,,,,,,,,,,,,,,,,,,,,,,,,,,,,,,,,,,,,,,,,,,,,,,,,,,,,,,,,,,,,,,,,,,,,,,,,,,,,,,,,,,,,,,,,,,,,,,,,,,,,,,,,,,,,,,,,,,,,,,,,,,,,,,,,,,,,,,,,,,,,,,,,,,,,12,,,,103180,,,,
2024-10-14,,,,,,,,,,,,,,,,,,,,,,,,,,,,,,,,,,,,,,,,,,,,,,,,,,,,,,,,,,,,,,,,,,,,,,,,,,,,,,,,,,,,,,,,,,,,,,,,,,,,,,,,,,,,,,,,,,,,,,,,,,,,,,,,,,,,,,,,,,,,,,,,,,,,,,,,,,,,,,,,,,,,,,,,,,,,,,,,,,,,,,,,,,,,,,,,,,,,,,,,,,,,,,,,,,,,,,,,,,,,,,,,,,,,,,,,,,,,,,,,,,,,,,,,,,,,,,,,,,,,,,,,,,,,,,,,,,,,,12,,,,103180,,,,
2024-10-15,,,,,,,,,,,,,,,,,,,,,,,,,,,,,,,,,,,,,,,,,,,,,,,,,,,,,,,,,,,,,,,,,,,,,,,,,,,,,,,,,,,,,,,,,,,,,,,,,,,,,,,,,,,,,,,,,,,,,,,,,,,,,,,,,,,,,,,,,,,,,,,,,,,,,,,,,,,,,,,,,,,,,,,,,,,,,,,,,,,,,,,,,,,,,,,,,,,,,,,,,,,,,,,,,,,,,,,,,,,,,,,,,,,,,,,,,,,,,,,,,,,,,,,,,,,,,,,,,,,,,,,,,,,,,,,,,,,,,12,,,,103180,,,,
2024-10-16,,,,,,,,,,,,,,,,,,,,,,,,,,,,,,,,,,,,,,,,,,,,,,,,,,,,,,,,,,,,,,,,,,,,,,,,,,,,,,,,,,,,,,,,,,,,,,,,,,,,,,,,,,,,,,,,,,,,,,,,,,,,,,,,,,,,,,,,,,,,,,,,,,,,,,,,,,,,,,,,,,,,,,,,,,,,,,,,,,,,,,,,,,,,,,,,,,,,,,,,,,,,,,,,,,,,,,,,,,,,,,,,,,,,,,,,,,,,,,,,,,,,,,,,,,,,,,,,,,,,,,,,,,,,,,,,,,,,,12,,,,103180,,,,
2024-10-17,,,,,,,,,,,,,,,,,,,,,,,,,,,,,,,,,,,,,,,,,,,,,,,,,,,,,,,,,,,,,,,,,,,,,,,,,,,,,,,,,,,,,,,,,,,,,,,,,,,,,,,,,,,,,,,,,,,,,,,,,,,,,,,,,,,,,,,,,,,,,,,,,,,,,,,,,,,,,,,,,,,,,,,,,,,,,,,,,,,,,,,,,,,,,,,,,,,,,,,,,,,,,,,,,,,,,,,,,,,,,,,,,,,,,,,,,,,,,,,,,,,,,,,,,,,,,,,,,,,,,,,,,,,,,,,,,,,,,12,,,,103180,,,,
2024-10-18,,,,,,,,,,,,,,,,,,,,,,,,,,,,,,,,,,,,,,,,,,,,,,,,,,,,,,,,,,,,,,,,,,,,,,,,,,,,,,,,,,,,,,,,,,,,,,,,,,,,,,,,,,,,,,,,,,,,,,,,,,,,,,,,,,,,,,,,,,,,,,,,,,,,,,,,,,,,,,,,,,,,,,,,,,,,,,,,,,,,,,,,,,,,,,,,,,,,,,,,,,,,,,,,,,,,,,,,,,,,,,,,,,,,,,,,,,,,,,,,,,,,,,,,,,,,,,,,,,,,,,,,,,,,,,,,,,,,,12,,,,103180,,,,
2024-10-19,,,,,,,,,,,,,,,,,,,,,,,,,,,,,,,,,,,,,,,,,,,,,,,,,,,,,,,,,,,,,,,,,,,,,,,,,,,,,,,,,,,,,,,,,,,,,,,,,,,,,,,,,,,,,,,,,,,,,,,,,,,,,,,,,,,,,,,,,,,,,,,,,,,,,,,,,,,,,,,,,,,,,,,,,,,,,,,,,,,,,,,,,,,,,,,,,,,,,,,,,,,,,,,,,,,,,,,,,,,,,,,,,,,,,,,,,,,,,,,,,,,,,,,,,,,,,,,,,,,,,,,,,,,,,,,,,,,,,12,,,,103180,,,,
2024-10-20,,,,,,,,,,,,,,,,,,,,,,,,,,,,,,,,,,,,,,,,,,,,,,,,,,,,,,,,,,,,,,,,,,,,,,,,,,,,,,,,,,,,,,,,,,,,,,,,,,,,,,,,,,,,,,,,,,,,,,,,,,,,,,,,,,,,,,,,,,,,,,,,,,,,,,,,,,,,,,,,,,,,,,,,,,,,,,,,,,,,,,,,,,,,,,,,,,,,,,,,,,,,,,,,,,,,,,,,,,,,,,,,,,,,,,,,,,,,,,,,,,,,,,,,,,,,,,,,,,,,,,,,,,,,,,,,,,,,,12,,,,103180,,,,
2024-10-21,,,,,,,,,,,,,,,,,,,,,,,,,,,,,,,,,,,,,,,,,,,,,,,,,,,,,,,,,,,,,,,,,,,,,,,,,,,,,,,,,,,,,,,,,,,,,,,,,,,,,,,,,,,,,,,,,,,,,,,,,,,,,,,,,,,,,,,,,,,,,,,,,,,,,,,,,,,,,,,,,,,,,,,,,,,,,,,,,,,,,,,,,,,,,,,,,,,,,,,,,,,,,,,,,,,,,,,,,,,,,,,,,,,,,,,,,,,,,,,,,,,,,,,,,,,,,,,,,,,,,,,,,,,,,,,,,,,,,12,,,,103180,,,,
2024-10-22,,,,,,,,,,,,,,,,,,,,,,,,,,,,,,,,,,,,,,,,,,,,,,,,,,,,,,,,,,,,,,,,,,,,,,,,,,,,,,,,,,,,,,,,,,,,,,,,,,,,,,,,,,,,,,,,,,,,,,,,,,,,,,,,,,,,,,,,,,,,,,,,,,,,,,,,,,,,,,,,,,,,,,,,,,,,,,,,,,,,,,,,,,,,,,,,,,,,,,,,,,,,,,,,,,,,,,,,,,,,,,,,,,,,,,,,,,,,,,,,,,,,,,,,,,,,,,,,,,,,,,,,,,,,,,,,,,,,,,,,,103180,,,,
2024-10-23,,,,,,,,,,,,,,,,,,,,,,,,,,,,,,,,,,,,,,,,,,,,,,,,,,,,,,,,,,,,,,,,,,,,,,,,,,,,,,,,,,,,,,,,,,,,,,,,,,,,,,,,,,,,,,,,,,,,,,,,,,,,,,,,,,,,,,,,,,,,,,,,,,,,,,,,,,,,,,,,,,,,,,,,,,,,,,,,,,,,,,,,,,,,,,,,,,,,,,,,,,,,,,,,,,,,,,,,,,,,,,,,,,,,,,,,,,,,,,,,,,,,,,,,,,,,,,,,,,,,,,,,,,,,,,,,,,,,,,,,,103180,,,,
2024-10-25,,,,,,,,,,,,,,,,,,,,,,,,,,,,,,,,,,,,,,,,,,,,,,,,,,,,,,,,,,,,,,,,,,,,,,,,,,,,,,,,,,,,,,,,,,,,,,,,,,,,,,,,,,,,,,,,,,,,,,,,,,,,,,,,,,,,,,,,,,,,,,,,,,,,,,,,,,,,,,,,,,,,,,,,,,,,,,,,,,,,,,,,,,,,,,,,,,,,,,,,,,,,,,,,,,,,,,,,,,,,,,,,,,,,,,,,,,,,,,,,,,,,,,,,,,,,,,,,,,,,,,,,,,,,,,,,,,,,,,,,,103180,,,,
2024-10-26,,,,,,,,,,,,,,,,,,,,,,,,,,,,,,,,,,,,,,,,,,,,,,,,,,,,,,,,,,,,,,,,,,,,,,,,,,,,,,,,,,,,,,,,,,,,,,,,,,,,,,,,,,,,,,,,,,,,,,,,,,,,,,,,,,,,,,,,,,,,,,,,,,,,,,,,,,,,,,,,,,,,,,,,,,,,,,,,,,,,,,,,,,,,,,,,,,,,,,,,,,,,,,,,,,,,,,,,,,,,,,,,,,,,,,,,,,,,,,,,,,,,,,,,,,,,,,,,,,,,,,,,,,,,,,,,,,,,,,,,,103180,,,,
2024-10-28,,,,,,,,,,,,,,,,,,,,,,,,,,,,,,,,,,,,,,,,,,,,,,,,,,,,,,,,,,,,,,,,,,,,,,,,,,,,,,,,,,,,,,,,,,,,,,,,,,,,,,,,,,,,,,,,,,,,,,,,,,,,,,,,,,,,,,,,,,,,,,,,,,,,,,,,,,,,,,,,,,,,,,,,,,,,,,,,,,,,,,,,,,,,,,,,,,,,,,,,,,,,,,,,,,,,,,,,,,,,,,,,,,,,,,,,,,,,,,,,,,,,,,,,,,,,,,,,,,,,,,,,,,,,,,,,,,,,,,,,,103180,,,,
2024-10-29,,,,,22,,,,,,,,,,,,,,,,,,,,,,,,,,,,,,,,,,,,,,,,,,,,,,,,,,,,,,,,,,,,,,,,,,,,,,,,,,,,,,,,,,,,,,,,,,,,,,,,,,,,,,,,,,,,,,,,,,,,,,,,,,,,,,,,,,,,,,,,,,,,,,,,,,,,,,,,,,,,,,,,,,,,,,,,,,,,,,,,,,,,,,,,,,,,,,,,,,,,,,,,,,,,,,,,,,,,,,,,,,,,,,,,,,,,,,,,,,,,,,,,,,,,,,,,,,,,,,,,,,,,,,,,,,,,,,,,,,,,103194,,,,
2024-10-30,,,,,,,,,,,,,,,,,,,,,,,,,,,,,,,,,,,,,,,,,,,,,,,,,,,,,,,,,,,,,,,,,,,,,,,,,,,,,,,,,,,,,,,,,,,,,,,,,,,,,,,,,,,,,,,,,,,,,,,,,,,,,,,,,,,,,,,,,,,,,,,,,,,,,,,,,,,,,,,,,,,,,,,,,,,,,,,,,,,,,,,,,,,,,,,,,,,,,,,,,,,,,,,,,,,,,,,,,,,,,,,,,,,,,,,,,,,,,,,,,,,,,,,,,,,,,,,,,,,,,,,,,,,,,,,,,,,,,,,,,103194,,,,
2024-10-31,,,,,22,,,,,,,,,,,,,,,733,,,,,,,,,,,,,,,,,,,,,,,,,,,,,,,,,43,,,,,,,,,,,,,,,,,,,,,,,,,,,,,,,,,,,,,,,,,,,,,,,,,,,,,,,,,,,,,,,,,,,,,,,,,,,,,,,,,,,,,,,,,,,,,,,,,,,,,,,,,,,,,,,,,,,,,,,,,,,,,,,,,,,,,,,,,,,,,,,,,,,,,,,,,,,,,,,,,,,,,,,,,,,,,,,,,,,,,,,,,,,,,,,,,,,,,,,,,,,,,,,,,,,,,,,,,,,,,,,,,,,,103194,,,,
2024-11-01,,,,288,,,,,,,,,,,,,,,,733,,,,,,,,,,,,,,,323,,,,,,,,,,,,,,,20,,,43,,,,,,,,,,,,,,,,,,,,,,,,,,,,,,,,,,,,,,,,,,,,,,,,,,,,,,,,,,,,,,,,,,,,,,,,,,,,,,,,,,,,,,,,,,,,,,,,,,,13151,,,,,,,,,229,,,,,,,3,,,,,,,,726,,,,,,,,,,,,,,,558,,,,,,,,,,,,245,,,,,,,,,,10,,,,,,,,,,,,,,,,,111,,,,,,,,,,,,,,,,,,,,,,,291,,,,,,,,,,,,,,,,,,,,,,,,13,,,,103199,,,,
2024-11-02,,,,,,,,,,,,,,,,,,,,,,,,,,,,,,,,,,,,,,,,,,,,,,,,,,,,,,,,,,,,,,,,,,,,,,,,,,,,,,,,,,,,,,,,,,,,,,,,,,,,,,,,,,,,,,,,,,,,,,,,,,,,,,,,,,,,,,,,,,,,,,,,,,,,,,,,,,,,,,,,,,,,,,,,,,,,,,,,,,,,,,,,,,,,,,,,,,,,,,,,,,,,,,,,,,,,,,,,,,,,,,,,,,,,,,,,,,,,,,,,,,,,,,,,,,,,,,,,,,,,,,,,,,,,,,,,,,,,,,,,,103199,,,,
2024-11-03,,,,,,,,,,,,,,,,,,,,,,,,,,,,,,,,,,,,,,,,,,,,,,,,,,,,,,,,,,,,,,,,,,,,,,,,,,,,,,,,,,,,,,,,,,,,,,,,,,,,,,,,,,,,,,,,,,,,,,,,,,,,,,,,,,,,,,,,,,,,,,,,,,,,,,,,,,,,,,,,,,,,,,,,,,,,,,,,,,,,,,,,,,,,,,,,,,,,,,,,,,,,,,,,,,,,,,,,,,,,,,,,,,,,,,,,,,,,,,,,,,,,,,,,,,,,,,,,,,,,,,,,,,,,,,,,,,,,,,,,,103199,,,,
2024-11-04,,,,,,,,,,,,,,,,,,,,,,,,,,,,,,,,,,,,,,,,,,,,,,,,,,,,,,,,,,,,,,,,,,,,,,,,,,,,,,,,,,,,,,,,,,,,,,,,,,,,,,,,,,,,,,,,,,,,,,,,,,,,,,,,,,,,,,,,,,,,,,,,,,,,,,,,,,,,,,,,,,,,,,,,,,,,,,,,,,,,,,,,,,,,,,,,,,,,,,,,,,,,,,,,,,,,,,,,,,,,,,,,,,,,,,,,,,,,,,,,,,,,,,,,,,,,,,,,,,,,,,,,,,,,,,,,,,,,,,,,,103199,,,,
2024-11-05,,,,,,,,,,,,,,,,,,,,,,,,,,,,,,,,,,,,,,,,,,,,,,,,,,,,,,,,,,,,,,,,,,,,,,,,,,,,,,,,,,,,,,,,,,,,,,,,,,,,,,,,,,,,,,,,,,,,,,,,,,,,,,,,,,,,,,,,,,,,,,,,,,,,,,,,,,,,,,,,,,,,,,,,,,,,,,,,,,,,,,,,,,,,,,,,,,,,,,,,,,,,,,,,,,,,,,,,,,,,,,,,,,,,,,,,,,,,,,,,,,,,,,,,,,,,,,,,,,,,,,,,,,,,,,,,,,,,,,,,,103199,,,,
2024-11-08,,,,,,,,,,,,,,,,,,,,,,,,,,,,,,,,,,,,,,,,,,,,,,,,,,,,,,,,,,,,,,,,,,,,,,,,,,,,,,,,,,,,,,,,,,,,,,,,,,,,,,,,,,,,,,,,,,,,,,,,,,,,,,,,,,,,,,,,,,,,,,,,,,,,,,,,,,,,,,,,,,,,,,,,,,,,,,,,,,,,,,,,,,,,,,,,,,,,,,,,,,,,,,,,,,,,,,,,,,,,,,,,,,,,,,,,,,,,,,,,,,,,,,,,,,,,,,,,,,,,,,,,,,,,,,,,,,,,,,,,,103199,,,,
2024-11-09,,,,,,,,,,,,,,,,,,,,,,,,,,,,,,,,,,,,,,,,,,,,,,,,,,,,,,,,,,,,,,,,,,,,,,,,,,,,,,,,,,,,,,,,,,,,,,,,,,,,,,,,,,,,,,,,,,,,,,,,,,,,,,,,,,,,,,,,,,,,,,,,,,,,,,,,,,,,,,,,,,,,,,,,,,,,,,,,,,,,,,,,,,,,,,,,,,,,,,,,,,,,,,,,,,,,,,,,,,,,,,,,,,,,,,,,,,,,,,,,,,,,,,,,,,,,,,,,,,,,,,,,,,,,,,,,,,,,,,,,,103199,,,,
2024-11-10,,,,,,,,,,,,,,,,,,,,,,,,,,,,,,,,,,,,,,,,,,,,,,,,,,,,,,,,,,,,,,,,,,,,,,,,,,,,,,,,,,,,,,,,,,,,,,,,,,,,,,,,,,,,,,,,,,,,,,,,,,,,,,,,,,,,,,,,,,,,,,,,,,,,,,,,,,,,,,,,,,,,,,,,,,,,,,,,,,,,,,,,,,,,,,,,,,,,,,,,,,,,,,,,,,,,,,,,,,,,,,,,,,,,,,,,,,,,,,,,,,,,,,,,,,,,,,,,,,,,,,,,,,,,,,,,,,,,,,,,,103199,,,,
2024-11-12,,,,,,,,,,,,,,,,,,,,,,,,,,,,,,,,,,,323,,,,,,,,,,,,,,,,,,,,,,,,,,,,,,,,,,,,,,,,,,,,,,,,,,,,,,,,,,,,,,,,,,,,,,,,,,,,,,,,,,,,,,,,,,,,,,,,,,,,,,,,,,,,,,,,,,,,,,,,,,,,,,,,,,,,,,,,,,,,,,,,,,,,,,,,,,,,558,,,,,,,,,,,,,,,,,,,,,,,,,,,,,,,,,,,,,,,,,,,,,,,,,,,,,,,,,,,,,,,,,,,,,,,,,,,,,,,,,,,,,,,,,,103199,,,,
2024-11-13,,,,,,,,,,,,,,,,,,,,,,,,,,,,,,,,,,,,,,,,,,,,,,,,,,,,,,,,,,,,,,,,,,,,,,,,,,,,,,,,,,,,,,,,,,,,,,,,,,,,,,,,,,,,,,,,,,,,,,,,,,,,,,,,,,,,,,,,,,,,,,,,,,,,,,,,,,,,,,,,,,,,,,,,,,,,,,,,,,,,,,,,,,,,,,,,,,,,,,,,,,,,,,,,,,,,,,,,,,,,,,,,,,,,,,,,,,,,,,,,,,,,,,,,,,,,,,,,,,,,,,,,,,,,,,,,,,,,,,,,,103199,,,,
2024-11-14,,,,,,,,,,,,,,,,,,,,,,,,,,,,,,,,,,,,,,,,,,,,,,,,,,,,,,,,,,,,,,,,,,,,,,,,,,,,,,,,,,,,,,,,,,,,,,,,,,,,,,,,,,,,,,,,,,,,,,,,,,,,,,,,,,,,,,,,,,,,,,,,,,,,,,,,,,,,,,,,,,,,,,,,,,,,,,,,,,,,,,,,,,,,,,,,,,,,,,,,,,,,,,,,,,,,,,,,,,,,,,,,,,,,,,,,,,,,,,,,,,,,,,,,,,,,,,,,,,,,,,,,,,,,,,,,,,,,,,,,,103199,,,,
2024-11-16,,,,,,,,,,,,,,,,,,,,,,,,,,,,,,,,,,,,,,,,,,,,,,,,,,,,,,,,,,,,,,,,,,,,,,,,,,,,,,,,,,,,,,,,,,,,,,,,,,,,,,,,,,,,,,,,,,,,,,,,,,,,,,,,,,,,,,,,,,,,,,,,,,,,,,,,,,,,,,,,,,,,,,,,,,,,,,,,,,,,,,,,,,,,,,,,,,,,,,,,,,,,,,,,,,,,,,,,,,,,,,,,,,,,,,,,,,,,,,,,,,,,,,,,,,,,,,,,,,,,,,,,,,,,,,,,,,,,,,,,,103199,,,,
2024-11-17,,,,,,,,,,,,,,,,,,,,,,,,,,,,,,,,,,,,,,,,,,,,,,,,,,,,,,,,,,,,,,,,,,,,,,,,,,,,,,,,,,,,,,,,,,,,,,,,,,,,,,,,,,,,,,,,,,,,,,,,,,,,,,,,,,,,,,,,,,,,,,,,,,,,,,,,,,,,,,,,,,,,,,,,,,,,,,,,,,,,,,,,,,,,,,,,,,,,,,,,,,,,,,,,,,,,,,,,,,,,,,,,,,,,,,,,,,,,,,,,,,,,,,,,,,,,,,,,,,,,,,,,,,,,,,,,,,,,,,,,,103199,,,,
2024-11-18,,,,,,,,,,,,,,,,,,,,,,,,,,,,,,,,,,,,,,,,,,,,,,,,,,,,,,,,,,,,,,,,,,,,,,,,,,,,,,,,,,,,,,,,,,,,,,,,,,,,,,,,,,,,,,,,,,,,,,,,,,,,,,,,,,,,,,,,,,,,,,,,,,,,,,,,,,,,,,,,,,,,,,,,,,,,,,,,,,,,,,,,,,,,,,,,,,,,,,,,,,,,,,,,,,,,,,,,,,,,,,,,,,,,,,,,,,,,,,,,,,,,,,,,,,,,,296,,,,,,,,,,,,,,,,,,,,,,,,,,,,103199,,,,
2024-11-19,,,,,,,,,,,,,,,,,,,,,,,,,,,,,,,,,,,,,,,,,,,,,,,,,,,,,,,,,,,,,,,,,,,,,,,,,,,,,,,,,,,,,,,,,,,,,,,,,,,,,,,,,,,,,,,,,,,,,,,,,,,,,,,,,,,,,,,,,,,,,,,,,,,,,,,,,,,,,,,,,,,,,,,,,,,,,,,,,,,,,,,,,,,,,,,,,,,,,,,,,,,,,,,,,,,,,,,,,,,,,,,,,,,,,,,,,,,,,,,,,,,,,,,,,,,,,289,,,,,,,,,,,,,,,,,,,,,,,,,,,,103204,,,,
2024-11-20,,,,,,,,,,,,,,,,,,,,,,,,,,,,,,,,,,,,,,,,,,,,,,,,,,,,,,,,,,,,,,,,,,,,,,,,,,,,,,,,,,,,,,,,,,,,,,,,,,,,,,,,,,,,,,,,,,,,,,,,,,,,,,,,,,,,,,,,,,,,,,,,,,,,,,,,,,,,,,,,,,,,,,,,,,,,,,,,,,,,,,,,,,,,,,,,,,,,,,,,,,,,,,,,,,,,,,,,,,,,,,,,,,,,,,,,,,,,,,,,,,,,,,,,,,,,,,,,,,,,,,,,,,,,,,,,,,,,,,,,,103197,,,,
2024-11-21,,,,,,,,,,,,,,,,,,,,,,,,,,,,,,,,,,,,,,,,,,,,,,,,,,,,,,,,,,,,,,,,,,,,,,,,,,,,,,,,,,,,,,,,,,,,,,,,,,,,,,,,,,,,,,,,,,,,,,,,,,,,,,,,,,,,,,,,,,,,,,,,,,,,,,,,,,,,,,,,,,,,,,,,,,,,,,,,,,,,,,,,,,,,,,,558,,,,,,,,,,,,,,,,,,,,,,,,,,,,,,,,,,,,,,,111,,,,,,,,,,,,,,,,,,,,,,,289,,,,,,,,,,,,,,,,,,,,,,,,,,,,103197,,,,
2024-11-22,,,,,,,,,,,,,,,,,,,,,,,,,,,,,,,,,,,,,,,,,,,,,,,,,,,,,,,,,,,,,,,,,,,,,,,,,,,,,,,,,,,,,,,,,,,,,,,,,,,,,,,,,,,,,,,,,,,,,,,,,,,,,,,,,,,,,,,,,,,,,,,,,,,,,,,,,,,,,,,,,,,,,,,,,,,,,,,,,,,,,,,,,,,,,,,,,,,,,,,,,,,,,,,,,,,,,,,,,,,,,,,,,,,,,,,,,,,,,,,,,,,,,,,,,,,,,289,,,,,,,,,,,,,,,,,,,,,,,,,,,,103197,,,,
2024-11-23,,,,,,,,,,,,,,,,,,,,,,,,,,,,,,,,,,,,,,,,,,,,,,,,,,,,,,,,,,,,,,,,,,,,,,,,,,,,,,,,,,,,,,,,,,,,,,,,,,,,,,,,,,,,,,,,,,,,,,,,,,,,,,,,,,,,,,,,,,,,,,,,,,,,,,,,,,,,,,,,,,,,,,,,,,,,,,,,,,,,,,,,,,,,,,,,,,,,,,,,,,,,,,,,,,,,,,,,,,,,,,,,,,,,,,,,,,,,,,,,,,,,,,,,,,,,,289,,,,,,,,,,,,,,,,,,,,,,,,,,,,103197,,,,
2024-11-24,,,,,,,,,,,,,,,,,,,,,,,,,,,,,,,,,,,,,,,,,,,,,,,,,,,,,,,,,,,,,,,,,,,,,,,,,,,,,,,,,,,,,,,,,,,,,,,,,,,,,,,,,,,,,,,,,,,,,,,,,,,,,,,,,,,,,,,,,,,,,,,,,,,,,,,,,,,,,,,,,,,,,,,,,,,,,,,,,,,,,,,,,,,,,,,,,,,,,,,,,,,,,,,,,,,,,,,,,,,,,,,,,,,,,,,,,,,,,,,,,,,,,,,,,,,,,289,,,,,,,,,,,,,,,,,,,,,,,,,,,,103197,,,,
2024-11-25,,,,,,,,,,,,,,,,,,,,,,,,,,,,,,,,,,,,,,,,,,,,,,,,,,,,,,,,,,,,,,,,,,,,,,,,,,,,,,,,,,,,,,,,,,,,,,,,,,,,,,,,,,,,,,,,,,,,,,,,,,,,,,,,,,,,,,,,,,,,,,,,,,,,,,,,,,,,,,,,,,,,,,,,,,,,,,,,,,,,,,,,,,,,,,,,,,,,,,,,,,,,,,,,,,,,,,,,,,,,,,,,,,,,,,,,,,,,,,,,,,,,,,,,,,,,,289,,,,,,,,,,,,,,,,,,,,,,,,,,,,103197,,,,
2024-11-26,,,,,,,,,,,,,,,,,,,,,,,,,,,,,,,,,,,,,,,,,,,,,,,,,,,,,,,,,,,,,,,,,,,,,,,,,,,,,,,,,,,,,,,,,,,,,,,,,,,,,,,,,,,,,,,,,,,,,,,,,,,,,,,,,,,,,,,,,,,,,,,,,,,,,,,,,,,,,,,,,,,,,,,,,,,,,,,,,,,,,,,,,,,,,,,,,,,,,,,,,,,,,,,,,,,,,,,,,,,,,,,,,,,,,,,,,,,,,,,,,,,,,,,,,,,,,289,,,,,,,,,,,,,,,,,,,,,,,,,,,,,,,,
2024-11-27,,,,,,,,,,,,,,,,,,,,,,,,,,,,,,,,,,,,,,,,,,,,,,,,,,,,,,,,,,,,,,,,,,,,,,,,,,,,,,,,,,,,,,,,,,,,,,,,,,,,,,,,,,,,,,,,,,,,,,,,,,,,,,,,,,,,,,,,,,,,,,,,,,,,,,,,,,,,,,,,,,,,,,,,,,,,,,,,,,,,,,,,,,,,,,,,,,,,,,,,,,,,,,,,,,,,,,,,,,,,,,,,,,,,,,,,,,,,,,,,,,,,,,,,,,,,,289,,,,,,,,,,,,,,,,,,,,,,,,,,,,103197,,,,
2024-11-28,,,,,,,,,,,,,,,,,,,,,,,,,,,,,,,,,,,,,,,,,,,,,,,,,,,,,,,,,,,,,,,,,,,,,,,,,,,,,,,,,,,,,,,,,,,,,,,,,,,,,,,,,,,,,,,,,,,,,,,,,,,,,,,,,,,,,,,,,,,,,,,,,,,,,,,,,,,,,,,,,,,,,,,,,,,,,,,,,,,,,,,,,,,,,,,,,,,,,,,,,,,,,,,,,,,,,,,,,,,,,,,,,,,,,,,,,,,,,,,,,,,,,,,,,,,,,289,,,,,,,,,,,,,,,,,,,,,,,,,,,,103197,,,,
2024-11-29,,,,,69,,,,,,,,,,,,,,,,,,,,,,,,,,,,,,,,,,,,,,,,,,,,,,,,,,,,,,,,,,,,,,,,,,,,,,,,,,,,,,,,,,,,,,,,,,,,,,,,,,,,,,,,,,,,,,,,,,,,,,,,,,,,,,,,,,,,,,,,,,,,,,,,,,,,,,,,,,,,,,,,,,,,,,,,,,,,,,,,,,,,,,,,,,,,,,,,,,,,,,,,,,,,,,,,,,,,,,,,,,,,,,,,,,,,,,,,,,,,,,,,,,,,,,,,289,,,,,,,,,,,,,,,,,,,,,,,,,,,,103244,,,,
2024-11-30,,,,,,,,,,,,,,,,,,,,,,,,,,,,,,,,,,,,,,,,,,,,,,,,,,,,,,,,,,,,,,,,,,,,,,,,,,,,,,,,,,,,,,,,,,,,,,,,,,,,,,,,,,,,,,,,,,,,,,,,,,,,,,,,,,,,,,,,,,,,,,,,,,,,,,,,,,,,,,,,,,,,,,,,,,,,,,,,,,,,,,,,,,,,,,,,,,,,,,,,,,,,,,,,,,,,,,,,,,,,,,,,,,,,,,,,,,,,,,,,,,,,,,,,,,,,,289,,,,,,,,,,,,,,,,,,,,,,,,,,,,103244,,,,
2024-12-01,,,,288,,,,,,,,,,,,,,,,733,,,,,,,,,,,,,,,323,,,,,,,,,,,,,,,20,,,43,,,,,,,,,,,,,,,,,,,,,,,,,,,,,,,,,,,,,,,,,,,,,,,,,,,,,,,,,,,,,,,,,,,,,,,,,,,,,,,,,,,,,,,,,,,,,,,,,,,13152,,,,,,,,,229,,,,,,,3,,,,,,,,730,,,,,,,,,,,,,,,558,,,,,,,,,,,,245,,,,,,,,,,10,,,,,,,,,,,,,,,,,111,,,,,,,,,,,,,,,,,,,,,,,289,,,,,,,,,,,,,,,,,,,,,,,,20,,,,103256,,,,
2024-12-02,,,,,,,,,,,,,,,,,,,,,,,,,,,,,,,,,,,,,,,,,,,,,,,,,,,,,,,,,,,,,,,,,,,,,,,,,,,,,,,,,,,,,,,,,,,,,,,,,,,,,,,,,,,,,,,,,,,,,,,,,,,,,,,,,,,,,,,,,,,,,,,,,,,,,,,,,,,,,,,,,,,,,,,,,,,,,,,,,,,,,,,,,,,,,,,,,,,,,,,,,,,,,,,,,,,,,,,,,,,,,,,,,,,,,,,,,,,,,,,,,,,,,,,,,,,,,289,,,,,,,,,,,,,,,,,,,,,,,,,,,,103256,,,,
2024-12-03,,,,,,,,,,,,,,,,,,,,,,,,,,,,,,,,,,,,,,,,,,,,,,,,,,,,,,,,,,,,,,,,,,,,,,,,,,,,,,,,,,,,,,,,,,,,,,,,,,,,,,,,,,,,,,,,,,,,,,,,,,,,,,,,,,,,,,,,,,,,,,,,,,,,,,,,,,,,,,,,,,,,,,,,,,,,,,,,,,,,,,,,,,,,,,,,,,,,,,,,,,,,,,,,,,,,,,,,,,,,,,,,,,,,,,,,,,,,,,,,,,,,,,,,,,,,,289,,,,,,,,,,,,,,,,,,,,,,,,,,,,103256,,,,
2024-12-04,,,,,,,,,,,,,,,,,,,,,,,,,,,,,,,,,,,,,,,,,,,,,,,,,,,,,,,,,,,,,,,,,,,,,,,,,,,,,,,,,,,,,,,,,,,,,,,,,,,,,,,,,,,,,,,,,,,,,,,,,,,,,,,,,,,,,,,,,,,,,,,,,,,,,,,,,,,,,,,,,,,,,,,,,,,,,,,,,,,,,,,,,,,,,,,,,,,,,,,,,,,,,,,,,,,,,,,,,,,,,,,,,,,,,,,,,,,,,,,,,,,,,,,,,,,,,289,,,,,,,,,,,,,,,,,,,,,,,,,,,,103256,,,,
2024-12-05,,,,,,,,,,,,,,,,,,,,,,,,,,,,,,,,,,,,,,,,,,,,,,,,,,,,,,,,,,,,,,,,,,,,,,,,,,,,,,,,,,,,,,,,,,,,,,,,,,,,,,,,,,,,,,,,,,,,,,,,,,,,,,,,,,,,,,,,,,,,,,,,,,,,,,,,,,,,,,,,,,,,,,,,,,,,,,,,,,,,,,,,,,,,,,,,,,,,,,,,,,,,,,,,,,,,,,,,,,,,,,,,,,,,,,,,,,,,,,,,,,,,,,,,,,,,,289,,,,,,,,,,,,,,,,,,,,,,,,,,,,103256,,,,
2024-12-06,,,,,,,,,,,,,,,,,,,,,,,,,,,,,,,,,,,,,,,,,,,,,,,,,,,,,,,,,,,,,,,,,,,,,,,,,,,,,,,,,,,,,,,,,,,,,,,,,,,,,,,,,,,,,,,,,,,,,,,,,,,,,,,,,,,,,,,,,,,,,,,,,,,,,,,,,,,,,,,,,,,,,,,,,,,,,,,,,,,,,,,,,,,,,,,,,,,,,,,,,,,,,,,,,,,,,,,,,,,,,,,,,,,,,,,,,,,,,,,,,,,,,,,,,,,,,,,,,,,,,,,,,,,,,,,,,,,,,,,,,103256,,,,
2024-12-07,,,,,,,,,,,,,,,,,,,,,,,,,,,,,,,,,,,,,,,,,,,,,,,,,,,,,,,,,,,,,,,,,,,,,,,,,,,,,,,,,,,,,,,,,,,,,,,,,,,,,,,,,,,,,,,,,,,,,,,,,,,,,,,,,,,,,,,,,,,,,,,,,,,,,,,,,,,,,,,,,,,,,,,,,,,,,,,,,,,,,,,,,,,,,,,,,,,,,,,,,,,,,,,,,,,,,,,,,,,,,,,,,,,,,,,,,,,,,,,,,,,,,,,,,,,,,,,,,,,,,,,,,,,,,,,,,,,,,,,,,103256,,,,
2024-12-08,,,,,,,,,,,,,,,,,,,,,,,,,,,,,,,,,,,,,,,,,,,,,,,,,,,,,,,,,,,,,,,,,,,,,,,,,,,,,,,,,,,,,,,,,,,,,,,,,,,,,,,,,,,,,,,,,,,,,,,,,,,,,,,,,,,,,,,,,,,,,,,,,,,,,,,,,,,,,,,,,,,,,,,,,,,,,,,,,,,,,,,,,,,,,,,,,,,,,,,,,,,,,,,,,,,,,,,,,,,,,,,,,,,,,,,,,,,,,,,,,,,,,,,,,,,,,,,,,,,,,,,,,,,,,,,,,,,,,,,,,103256,,,,
2024-12-09,,,,,,,,,,,,,,,,,,,,,,,,,,,,,,,,,,,,,,,,,,,,,,,,,,,,,,,,,,,,,,,,,,,,,,,,,,,,,,,,,,,,,,,,,,,,,,,,,,,,,,,,,,,,,,,,,,,,,,,,,,,,,,,,,,,,,,,,,,,,,,,,,,,,,,,,,,,,,,,,,,,,,,,,,,,,,,,,,,,,,,,,,,,,,,,,,,,,,,,,,,,,,,,,,,,,,,,,,,,,,,,,,,,,,,,,,,,,,,,,,,,,,,,,,,,,,,,,,,,,,,,,,,,,,,,,,,,,,,,,,103256,,,,
2024-12-11,,,,,,,,,,,,,,,,,,,,,,,,,,,,,,,,,,,,,,,,,,,,,,,,,,,,,,,,,,,,,,,,,,,,,,,,,,,,,,,,,,,,,,,,,,,,,,,,,,,,,,,,,,,,,,,,,,,,,,,,,,,,,,,,,,,,,,,,,,,,,,,,,,,,,,,,,,,,,,,,,,,,,,,,,,,,,,,,,,,,,,,,,,,,,,,,,,,,,,,,,,,,,,,,,,,,,,,,,,,,,,,,,,,,,,,,,,,,,,,,,,,,,,,,,,,,,,,,,,,,,,,,,,,,,,,,,,,,,,,,,103256,,,,
2024-12-12,,1130,,288,69,,,,,,,,,,,,,,,733,,,,,,,,,,,,,,,323,,,,,,,,,,,,,,,20,,,43,,,,,,,18,,,,,,,,,,,,,,,,,,,,,,,,,,,,,,,,,,,,,,6151,,,,,,,,,,,,,,,,,,,,,,,,,,,,,,,,273,,,,,,,,,,,,,,,,,,,,,,13152,,,,,,,,,229,,,,,,,3,,,,,,,,730,,,,,,,,,,,,,,,558,,,,,,,,,,,,245,,,,,,,,,,10,,,,,,,,,,,,,,,,,111,,,,,,,,,,,,,77198,,,,,,802,,,,289,,,,,,,,,,,,,,,,,,861,,,,,,20,,,,103256,,,,
2024-12-15,,1132,,288,69,,,,,,,,,,,,,,,733,,,,,,,,,,,,,,,323,,,,,,,,,,,,,,,20,,,43,,,,,,,18,,,,,,,,,,,,,,,,,,,,,,,,,,,,,,,,,,,,,,6151,,,,,,,,,,,,,,,,,,,,,,,,,,,,,,,,273,,,,,,,,,,,,,,,,,,,,,,13152,,,,,,,,,229,,,,,,,3,,,,,,,,730,,,,,,,,,,,,,,,558,,,,,,,,,,,,245,,,,,,,,,,10,,,,,,,,,,,,,,,,,111,,,,,,,,,,,,,77198,,,,,,802,,,,289,,,,,,,,,,,,,,,,,,861,,,,,,20,,,,103258,,,,
2024-12-16,,1132,,288,69,,,,,,,,,,,,,,,733,,,,,,,,,,,,,,,323,,,,,,,,,,,,,,,20,,,43,,,,,,,18,,,,,,,,,,,,,,,,,,,,,,,,,,,,,,,,,,,,,,6151,,,,,,,,,,,,,,,,,,,,,,,,,,,,,,,,273,,,,,,,,,,,,,,,,,,,,,,13152,,,,,,,,,229,,,,,,,3,,,,,,,,730,,,,,,,,,,,,,,,558,,,,,,,,,,,,245,,,,,,,,,,10,,,,,,,,,,,,,,,,,111,,,,,,,,,,,,,77198,,,,,,802,,,,289,,,,,,,,,,,,,,,,,,861,,,,,,20,,,,103258,,,,
2024-12-17,,1132,,288,69,,,,,,,,,,,,,,,733,,,,,,,,,,,,,,,323,,,,,,,,,,,,,,,20,,,43,,,,,,,18,,,,,,,,,,,,,,,,,,,,,,,,,,,,,,,,,,,,,,6151,,,,,,,,,,,,,,,,,,,,,,,,,,,,,,,,273,,,,,,,,,,,,,,,,,,,,,,13152,,,,,,,,,229,,,,,,,3,,,,,,,,730,,,,,,,,,,,,,,,558,,,,,,,,,,,,245,,,,,,,,,,10,,,,,,,,,,,,,,,,,111,,,,,,,,,,,,,77198,,,,,,802,,,,289,,,,,,,,,,,,,,,,,,861,,,,,,20,,,,103258,,,,
2024-12-18,,1132,,288,69,,,,,,,,,,,,,,,733,,,,,,,,,,,,,,,323,,,,,,,,,,,,,,,20,,,43,,,,,,,18,,,,,,,,,,,,,,,,,,,,,,,,,,,,,,,,,,,,,,6151,,,,,,,,,,,,,,,,,,,,,,,,,,,,,,,,273,,,,,,,,,,,,,,,,,,,,,,13152,,,,,,,,,229,,,,,,,3,,,,,,,,730,,,,,,,,,,,,,,,558,,,,,,,,,,,,245,,,,,,,,,,10,,,,,,,,,,,,,,,,,111,,,,,,,,,,,,,77198,,,,,,802,,,,289,,,,,,,,,,,,,,,,,,861,,,,,,20,,,,103258,,,,
2024-12-19,,1132,,288,69,,,,,,,,,,,,,,,733,,,,,,,,,,,,,,,323,,,,,,,,,,,,,,,20,,,43,,,,,,,18,,,,,,,,,,,,,,,,,,,,,,,,,,,,,,,,,,,,,,6151,,,,,,,,,,,,,,,,,,,,,,,,,,,,,,,,273,,,,,,,,,,,,,,,,,,,,,,13152,,,,,,,,,229,,,,,,,3,,,,,,,,730,,,,,,,,,,,,,,,558,,,,,,,,,,,,245,,,,,,,,,,10,,,,,,,,,,,,,,,,,111,,,,,,,,,,,,,77198,,,,,,802,,,,289,,,,,,,,,,,,,,,,,,861,,,,,,20,,,,103258,,,,
2024-12-20,,1132,,288,69,,,,,,,,,,,,,,,733,,,,,,,,,,,,,,,323,,,,,,,,,,,,,,,20,,,43,,,,,,,18,,,,,,,,,,,,,,,,,,,,,,,,,,,,,,,,,,,,,,6151,,,,,,,,,,,,,,,,,,,,,,,,,,,,,,,,273,,,,,,,,,,,,,,,,,,,,,,13152,,,,,,,,,229,,,,,,,3,,,,,,,,730,,,,,,,,,,,,,,,558,,,,,,,,,,,,245,,,,,,,,,,10,,,,,,,,,,,,,,,,,111,,,,,,,,,,,,,77198,,,,,,802,,,,289,,,,,,,,,,,,,,,,,,861,,,,,,20,,,,103258,,,,
2024-12-21,,1132,,288,69,,,,,,,,,,,,,,,733,,,,,,,,,,,,,,,323,,,,,,,,,,,,,,,20,,,43,,,,,,,18,,,,,,,,,,,,,,,,,,,,,,,,,,,,,,,,,,,,,,6151,,,,,,,,,,,,,,,,,,,,,,,,,,,,,,,,273,,,,,,,,,,,,,,,,,,,,,,13152,,,,,,,,,229,,,,,,,3,,,,,,,,730,,,,,,,,,,,,,,,558,,,,,,,,,,,,245,,,,,,,,,,10,,,,,,,,,,,,,,,,,111,,,,,,,,,,,,,77198,,,,,,802,,,,289,,,,,,,,,,,,,,,,,,861,,,,,,20,,,,103258,,,,
2024-12-22,,1132,,288,69,,,,,,,,,,,,,,,733,,,,,,,,,,,,,,,323,,,,,,,,,,,,,,,20,,,43,,,,,,,18,,,,,,,,,,,,,,,,,,,,,,,,,,,,,,,,,,,,,,6151,,,,,,,,,,,,,,,,,,,,,,,,,,,,,,,,273,,,,,,,,,,,,,,,,,,,,,,13152,,,,,,,,,229,,,,,,,3,,,,,,,,730,,,,,,,,,,,,,,,558,,,,,,,,,,,,245,,,,,,,,,,10,,,,,,,,,,,,,,,,,111,,,,,,,,,,,,,77198,,,,,,802,,,,289,,,,,,,,,,,,,,,,,,861,,,,,,20,,,,103258,,,,
2024-12-23,,1132,,288,69,,,,,,,,,,,,,,,733,,,,,,,,,,,,,,,323,,,,,,,,,,,,,,,20,,,43,,,,,,,18,,,,,,,,,,,,,,,,,,,,,,,,,,,,,,,,,,,,,,6151,,,,,,,,,,,,,,,,,,,,,,,,,,,,,,,,273,,,,,,,,,,,,,,,,,,,,,,13152,,,,,,,,,229,,,,,,,3,,,,,,,,730,,,,,,,,,,,,,,,558,,,,,,,,,,,,245,,,,,,,,,,10,,,,,,,,,,,,,,,,,111,,,,,,,,,,,,,77198,,,,,,802,,,,289,,,,,,,,,,,,,,,,,,861,,,,,,20,,,,103258,,,,
2024-12-24,,1132,,288,69,,,,,,,,,,,,,,,733,,,,,,,,,,,,,,,323,,,,,,,,,,,,,,,20,,,43,,,,,,,18,,,,,,,,,,,,,,,,,,,,,,,,,,,,,,,,,,,,,,6151,,,,,,,,,,,,,,,,,,,,,,,,,,,,,,,,273,,,,,,,,,,,,,,,,,,,,,,13152,,,,,,,,,229,,,,,,,3,,,,,,,,730,,,,,,,,,,,,,,,558,,,,,,,,,,,,245,,,,,,,,,,10,,,,,,,,,,,,,,,,,111,,,,,,,,,,,,,77198,,,,,,802,,,,289,,,,,,,,,,,,,,,,,,861,,,,,,20,,,,103258,,,,
2024-12-25,,1132,,288,69,,,,,,,,,,,,,,,733,,,,,,,,,,,,,,,323,,,,,,,,,,,,,,,20,,,43,,,,,,,18,,,,,,,,,,,,,,,,,,,,,,,,,,,,,,,,,,,,,,6151,,,,,,,,,,,,,,,,,,,,,,,,,,,,,,,,273,,,,,,,,,,,,,,,,,,,,,,13152,,,,,,,,,229,,,,,,,3,,,,,,,,730,,,,,,,,,,,,,,,558,,,,,,,,,,,,245,,,,,,,,,,10,,,,,,,,,,,,,,,,,111,,,,,,,,,,,,,77198,,,,,,802,,,,289,,,,,,,,,,,,,,,,,,861,,,,,,20,,,,103258,,,,
2024-12-26,,1132,,288,69,,,,,,,,,,,,,,,733,,,,,,,,,,,,,,,323,,,,,,,,,,,,,,,20,,,43,,,,,,,18,,,,,,,,,,,,,,,,,,,,,,,,,,,,,,,,,,,,,,6151,,,,,,,,,,,,,,,,,,,,,,,,,,,,,,,,273,,,,,,,,,,,,,,,,,,,,,,13152,,,,,,,,,229,,,,,,,3,,,,,,,,730,,,,,,,,,,,,,,,558,,,,,,,,,,,,245,,,,,,,,,,10,,,,,,,,,,,,,,,,,111,,,,,,,,,,,,,77198,,,,,,802,,,,289,,,,,,,,,,,,,,,,,,861,,,,,,20,,,,103258,,,,
2024-12-27,,1132,,288,69,,,,,,,,,,,,,,,733,,,,,,,,,,,,,,,323,,,,,,,,,,,,,,,20,,,43,,,,,,,18,,,,,,,,,,,,,,,,,,,,,,,,,,,,,,,,,,,,,,6151,,,,,,,,,,,,,,,,,,,,,,,,,,,,,,,,273,,,,,,,,,,,,,,,,,,,,,,13152,,,,,,,,,229,,,,,,,3,,,,,,,,730,,,,,,,,,,,,,,,558,,,,,,,,,,,,245,,,,,,,,,,10,,,,,,,,,,,,,,,,,111,,,,,,,,,,,,,77198,,,,,,802,,,,289,,,,,,,,,,,,,,,,,,861,,,,,,20,,,,103258,,,,
2024-12-28,,1132,,288,69,,,,,,,,,,,,,,,733,,,,,,,,,,,,,,,323,,,,,,,,,,,,,,,20,,,43,,,,,,,18,,,,,,,,,,,,,,,,,,,,,,,,,,,,,,,,,,,,,,6151,,,,,,,,,,,,,,,,,,,,,,,,,,,,,,,,273,,,,,,,,,,,,,,,,,,,,,,13152,,,,,,,,,229,,,,,,,3,,,,,,,,730,,,,,,,,,,,,,,,558,,,,,,,,,,,,245,,,,,,,,,,10,,,,,,,,,,,,,,,,,111,,,,,,,,,,,,,77198,,,,,,802,,,,289,,,,,,,,,,,,,,,,,,861,,,,,,20,,,,103258,,,,
2024-12-29,,1132,,288,87,,,,,,,,,,,,,,,733,,,,,,,,,,,,,,,323,,,,,,,,,,,,,,,20,,,43,,,,,,,18,,,,,,,,,,,,,,,,,,,,,,,,,,,,,,,,,,,,,,6151,,,,,,,,,,,,,,,,,,,,,,,,,,,,,,,,273,,,,,,,,,,,,,,,,,,,,,,13152,,,,,,,,,229,,,,,,,3,,,,,,,,730,,,,,,,,,,,,,,,558,,,,,,,,,,,,245,,,,,,,,,,10,,,,,,,,,,,,,,,,,111,,,,,,,,,,,,,77198,,,,,,802,,,,289,,,,,,,,,,,,,,,,,,861,,,,,,20,,,,103276,,,,
2024-12-30,,1132,,288,87,,,,,,,,,,,,,,,733,,,,,,,,,,,,,,,323,,,,,,,,,,,,,,,20,,,43,,,,,,,18,,,,,,,,,,,,,,,,,,,,,,,,,,,,,,,,,,,,,,6151,,,,,,,,,,,,,,,,,,,,,,,,,,,,,,,,273,,,,,,,,,,,,,,,,,,,,,,13152,,,,,,,,,229,,,,,,,3,,,,,,,,730,,,,,,,,,,,,,,,558,,,,,,,,,,,,245,,,,,,,,,,10,,,,,,,,,,,,,,,,,111,,,,,,,,,,,,,77198,,,,,,802,,,,289,,,,,,,,,,,,,,,,,,861,,,,,,20,,,,103276,,,,
2024-12-31,,1132,,288,87,,,,,,,,,,,,,,,733,,,,,,,,,,,,,,,323,,,,,,,,,,,,,,,20,,,43,,,,,,,18,,,,,,,,,,,,,,,,,,,,,,,,,,,,,,,,,,,,,,6151,,,,,,,,,,,,,,,,,,,,,,,,,,,,,,,,273,,,,,,,,,,,,,,,,,,,,,,13152,,,,,,,,,229,,,,,,,3,,,,,,,,730,,,,,,,,,,,,,,,558,,,,,,,,,,,,245,,,,,,,,,,10,,,,,,,,,,,,,,,,,111,,,,,,,,,,,,,77198,,,,,,802,,,,289,,,,,,,,,,,,,,,,,,861,,,,,,20,,,,103276,,,,
2025-01-01,,1132,,288,87,,,,,,,,,,,,,,,733,,,,,,,,,,,,,,,323,,,,,,,,,,,,,,,20,,,43,,,,,,,18,,,,,,,,,,,,,,,,,,,,,,,,,,,,,,,,,,,,,,6151,,,,,,,,,,,,,,,,,,,,,,,,,,,,,,,,273,,,,,,,,,,,,,,,,,,,,,,13152,,,,,,,,,229,,,,,,,3,,,,,,,,730,,,,,,,,,,,,,,,558,,,,,,,,,,,,245,,,,,,,,,,10,,,,,,,,,,,,,,,,,111,,,,,,,,,,,,,77198,,,,,,802,,,,298,,,,,,,,,,,,,,,,,,861,,,,,,20,,,,103285,,,,
2025-01-02,,1132,,288,87,,,,,,,,,,,,,,,733,,,,,,,,,,,,,,,323,,,,,,,,,,,,,,,20,,,43,,,,,,,18,,,,,,,,,,,,,,,,,,,,,,,,,,,,,,,,,,,,,,6151,,,,,,,,,,,,,,,,,,,,,,,,,,,,,,,,273,,,,,,,,,,,,,,,,,,,,,,13152,,,,,,,,,229,,,,,,,3,,,,,,,,730,,,,,,,,,,,,,,,558,,,,,,,,,,,,245,,,,,,,,,,10,,,,,,,,,,,,,,,,,111,,,,,,,,,,,,,77198,,,,,,802,,,,298,,,,,,,,,,,,,,,,,,861,,,,,,20,,,,103285,,,,
2025-01-03,,1132,,288,87,,,,,,,,,,,,,,,733,,,,,,,,,,,,,,,323,,,,,,,,,,,,,,,20,,,43,,,,,,,18,,,,,,,,,,,,,,,,,,,,,,,,,,,,,,,,,,,,,,6151,,,,,,,,,,,,,,,,,,,,,,,,,,,,,,,,273,,,,,,,,,,,,,,,,,,,,,,13152,,,,,,,,,229,,,,,,,3,,,,,,,,730,,,,,,,,,,,,,,,558,,,,,,,,,,,,245,,,,,,,,,,10,,,,,,,,,,,,,,,,,111,,,,,,,,,,,,,77198,,,,,,802,,,,298,,,,,,,,,,,,,,,,,,861,,,,,,20,,,,103285,,,,
2025-01-04,,1132,,288,87,,,,,,,,,,,,,,,733,,,,,,,,,,,,,,,323,,,,,,,,,,,,,,,20,,,43,,,,,,,18,,,,,,,,,,,,,,,,,,,,,,,,,,,,,,,,,,,,,,6151,,,,,,,,,,,,,,,,,,,,,,,,,,,,,,,,273,,,,,,,,,,,,,,,,,,,,,,13152,,,,,,,,,229,,,,,,,3,,,,,,,,730,,,,,,,,,,,,,,,558,,,,,,,,,,,,245,,,,,,,,,,10,,,,,,,,,,,,,,,,,111,,,,,,,,,,,,,77198,,,,,,802,,,,298,,,,,,,,,,,,,,,,,,861,,,,,,20,,,,103285,,,,
2025-01-05,,1132,,288,87,,,,,,,,,,,,,,,733,,,,,,,,,,,,,,,323,,,,,,,,,,,,,,,20,,,43,,,,,,,18,,,,,,,,,,,,,,,,,,,,,,,,,,,,,,,,,,,,,,6151,,,,,,,,,,,,,,,,,,,,,,,,,,,,,,,,273,,,,,,,,,,,,,,,,,,,,,,13152,,,,,,,,,229,,,,,,,3,,,,,,,,730,,,,,,,,,,,,,,,558,,,,,,,,,,,,245,,,,,,,,,,10,,,,,,,,,,,,,,,,,111,,,,,,,,,,,,,77198,,,,,,802,,,,298,,,,,,,,,,,,,,,,,,861,,,,,,20,,,,103285,,,,
2025-01-06,,1132,,288,87,,,,,,,,,,,,,,,733,,,,,,,,,,,,,,,323,,,,,,,,,,,,,,,20,,,43,,,,,,,18,,,,,,,,,,,,,,,,,,,,,,,,,,,,,,,,,,,,,,6151,,,,,,,,,,,,,,,,,,,,,,,,,,,,,,,,273,,,,,,,,,,,,,,,,,,,,,,13152,,,,,,,,,229,,,,,,,3,,,,,,,,730,,,,,,,,,,,,,,,558,,,,,,,,,,,,245,,,,,,,,,,10,,,,,,,,,,,,,,,,,111,,,,,,,,,,,,,77198,,,,,,802,,,,298,,,,,,,,,,,,,,,,,,861,,,,,,20,,,,103285,,,,
2025-01-07,,1132,,288,87,,,,,,,,,,,,,,,733,,,,,,,,,,,,,,,323,,,,,,,,,,,,,,,20,,,43,,,,,,,18,,,,,,,,,,,,,,,,,,,,,,,,,,,,,,,,,,,,,,6151,,,,,,,,,,,,,,,,,,,,,,,,,,,,,,,,273,,,,,,,,,,,,,,,,,,,,,,13152,,,,,,,,,229,,,,,,,3,,,,,,,,730,,,,,,,,,,,,,,,558,,,,,,,,,,,,245,,,,,,,,,,10,,,,,,,,,,,,,,,,,111,,,,,,,,,,,,,77198,,,,,,802,,,,298,,,,,,,,,,,,,,,,,,861,,,,,,20,,,,103285,,,,
2025-01-08,,1132,,288,87,,,,,,,,,,,,,,,733,,,,,,,,,,,,,,,323,,,,,,,,,,,,,,,20,,,43,,,,,,,18,,,,,,,,,,,,,,,,,,,,,,,,,,,,,,,,,,,,,,6151,,,,,,,,,,,,,,,,,,,,,,,,,,,,,,,,273,,,,,,,,,,,,,,,,,,,,,,13152,,,,,,,,,229,,,,,,,3,,,,,,,,730,,,,,,,,,,,,,,,558,,,,,,,,,,,,245,,,,,,,,,,10,,,,,,,,,,,,,,,,,111,,,,,,,,,,,,,77198,,,,,,802,,,,298,,,,,,,,,,,,,,,,,,861,,,,,,20,,,,103285,,,,
2025-01-09,,1132,,288,87,,,,,,,,,,,,,,,733,,,,,,,,,,,,,,,323,,,,,,,,,,,,,,,20,,,43,,,,,,,18,,,,,,,,,,,,,,,,,,,,,,,,,,,,,,,,,,,,,,6151,,,,,,,,,,,,,,,,,,,,,,,,,,,,,,,,273,,,,,,,,,,,,,,,,,,,,,,13152,,,,,,,,,229,,,,,,,3,,,,,,,,730,,,,,,,,,,,,,,,558,,,,,,,,,,,,245,,,,,,,,,,10,,,,,,,,,,,,,,,,,111,,,,,,,,,,,,,77198,,,,,,802,,,,298,,,,,,,,,,,,,,,,,,861,,,,,,20,,,,103285,,,,
2025-01-10,,1132,,288,87,,,,,,,,,,,,,,,733,,,,,,,,,,,,,,,323,,,,,,,,,,,,,,,20,,,43,,,,,,,18,,,,,,,,,,,,,,,,,,,,,,,,,,,,,,,,,,,,,,6151,,,,,,,,,,,,,,,,,,,,,,,,,,,,,,,,273,,,,,,,,,,,,,,,,,,,,,,13152,,,,,,,,,229,,,,,,,3,,,,,,,,730,,,,,,,,,,,,,,,558,,,,,,,,,,,,245,,,,,,,,,,10,,,,,,,,,,,,,,,,,111,,,,,,,,,,,,,77198,,,,,,802,,,,298,,,,,,,,,,,,,,,,,,861,,,,,,20,,,,103285,,,,
2025-01-11,,1132,,288,87,,,,,,,,,,,,,,,733,,,,,,,,,,,,,,,323,,,,,,,,,,,,,,,20,,,43,,,,,,,18,,,,,,,,,,,,,,,,,,,,,,,,,,,,,,,,,,,,,,6151,,,,,,,,,,,,,,,,,,,,,,,,,,,,,,,,273,,,,,,,,,,,,,,,,,,,,,,13152,,,,,,,,,229,,,,,,,3,,,,,,,,730,,,,,,,,,,,,,,,558,,,,,,,,,,,,245,,,,,,,,,,10,,,,,,,,,,,,,,,,,111,,,,,,,,,,,,,77198,,,,,,802,,,,298,,,,,,,,,,,,,,,,,,861,,,,,,20,,,,103285,,,,
2025-01-12,,1132,,288,87,,,,,,,,,,,,,,,733,,,,,,,,,,,,,,,323,,,,,,,,,,,,,,,20,,,43,,,,,,,18,,,,,,,,,,,,,,,,,,,,,,,,,,,,,,,,,,,,,,6151,,,,,,,,,,,,,,,,,,,,,,,,,,,,,,,,273,,,,,,,,,,,,,,,,,,,,,,13152,,,,,,,,,229,,,,,,,3,,,,,,,,730,,,,,,,,,,,,,,,558,,,,,,,,,,,,245,,,,,,,,,,10,,,,,,,,,,,,,,,,,111,,,,,,,,,,,,,77198,,,,,,802,,,,298,,,,,,,,,,,,,,,,,,861,,,,,,20,,,,103285,,,,
2025-01-13,,1132,,288,87,,,,,,,,,,,,,,,733,,,,,,,,,,,,,,,323,,,,,,,,,,,,,,,20,,,43,,,,,,,18,,,,,,,,,,,,,,,,,,,,,,,,,,,,,,,,,,,,,,6151,,,,,,,,,,,,,,,,,,,,,,,,,,,,,,,,273,,,,,,,,,,,,,,,,,,,,,,13152,,,,,,,,,229,,,,,,,3,,,,,,,,730,,,,,,,,,,,,,,,558,,,,,,,,,,,,245,,,,,,,,,,10,,,,,,,,,,,,,,,,,111,,,,,,,,,,,,,77198,,,,,,802,,,,298,,,,,,,,,,,,,,,,,,861,,,,,,20,,,,103285,,,,
2025-01-14,,1132,,288,87,,,,,,,,,,,,,,,733,,,,,,,,,,,,,,,323,,,,,,,,,,,,,,,20,,,43,,,,,,,18,,,,,,,,,,,,,,,,,,,,,,,,,,,,,,,,,,,,,,6151,,,,,,,,,,,,,,,,,,,,,,,,,,,,,,,,273,,,,,,,,,,,,,,,,,,,,,,13152,,,,,,,,,229,,,,,,,3,,,,,,,,730,,,,,,,,,,,,,,,558,,,,,,,,,,,,245,,,,,,,,,,10,,,,,,,,,,,,,,,,,111,,,,,,,,,,,,,77198,,,,,,802,,,,298,,,,,,,,,,,,,,,,,,861,,,,,,20,,,,103285,,,,
2025-01-15,,1132,,288,87,,,,,,,,,,,,,,,733,,,,,,,,,,,,,,,323,,,,,,,,,,,,,,,20,,,43,,,,,,,18,,,,,,,,,,,,,,,,,,,,,,,,,,,,,,,,,,,,,,6151,,,,,,,,,,,,,,,,,,,,,,,,,,,,,,,,273,,,,,,,,,,,,,,,,,,,,,,13152,,,,,,,,,229,,,,,,,3,,,,,,,,730,,,,,,,,,,,,,,,558,,,,,,,,,,,,245,,,,,,,,,,10,,,,,,,,,,,,,,,,,111,,,,,,,,,,,,,77198,,,,,,802,,,,298,,,,,,,,,,,,,,,,,,861,,,,,,20,,,,103285,,,,
2025-01-16,,1132,,288,87,,,,,,,,,,,,,,,733,,,,,,,,,,,,,,,323,,,,,,,,,,,,,,,20,,,43,,,,,,,18,,,,,,,,,,,,,,,,,,,,,,,,,,,,,,,,,,,,,,6151,,,,,,,,,,,,,,,,,,,,,,,,,,,,,,,,273,,,,,,,,,,,,,,,,,,,,,,13152,,,,,,,,,229,,,,,,,3,,,,,,,,730,,,,,,,,,,,,,,,558,,,,,,,,,,,,245,,,,,,,,,,10,,,,,,,,,,,,,,,,,111,,,,,,,,,,,,,77198,,,,,,802,,,,298,,,,,,,,,,,,,,,,,,861,,,,,,20,,,,103285,,,,
2025-01-17,,1132,,288,87,,,,,,,,,,,,,,,733,,,,,,,,,,,,,,,323,,,,,,,,,,,,,,,20,,,43,,,,,,,18,,,,,,,,,,,,,,,,,,,,,,,,,,,,,,,,,,,,,,6151,,,,,,,,,,,,,,,,,,,,,,,,,,,,,,,,273,,,,,,,,,,,,,,,,,,,,,,13152,,,,,,,,,229,,,,,,,3,,,,,,,,730,,,,,,,,,,,,,,,558,,,,,,,,,,,,245,,,,,,,,,,10,,,,,,,,,,,,,,,,,111,,,,,,,,,,,,,77198,,,,,,802,,,,298,,,,,,,,,,,,,,,,,,861,,,,,,20,,,,103285,,,,
2025-01-18,,1132,,288,87,,,,,,,,,,,,,,,733,,,,,,,,,,,,,,,323,,,,,,,,,,,,,,,20,,,43,,,,,,,18,,,,,,,,,,,,,,,,,,,,,,,,,,,,,,,,,,,,,,6151,,,,,,,,,,,,,,,,,,,,,,,,,,,,,,,,273,,,,,,,,,,,,,,,,,,,,,,13152,,,,,,,,,229,,,,,,,3,,,,,,,,730,,,,,,,,,,,,,,,558,,,,,,,,,,,,245,,,,,,,,,,10,,,,,,,,,,,,,,,,,111,,,,,,,,,,,,,77198,,,,,,802,,,,298,,,,,,,,,,,,,,,,,,861,,,,,,20,,,,103285,,,,
2025-01-19,,1132,,288,87,,,,,,,,,,,,,,,733,,,,,,,,,,,,,,,323,,,,,,,,,,,,,,,20,,,43,,,,,,,18,,,,,,,,,,,,,,,,,,,,,,,,,,,,,,,,,,,,,,6151,,,,,,,,,,,,,,,,,,,,,,,,,,,,,,,,273,,,,,,,,,,,,,,,,,,,,,,13152,,,,,,,,,229,,,,,,,3,,,,,,,,730,,,,,,,,,,,,,,,558,,,,,,,,,,,,245,,,,,,,,,,10,,,,,,,,,,,,,,,,,111,,,,,,,,,,,,,77198,,,,,,802,,,,298,,,,,,,,,,,,,,,,,,861,,,,,,20,,,,103285,,,,
2025-01-20,,1132,,288,87,,,,,,,,,,,,,,,733,,,,,,,,,,,,,,,323,,,,,,,,,,,,,,,20,,,43,,,,,,,18,,,,,,,,,,,,,,,,,,,,,,,,,,,,,,,,,,,,,,6151,,,,,,,,,,,,,,,,,,,,,,,,,,,,,,,,273,,,,,,,,,,,,,,,,,,,,,,13152,,,,,,,,,229,,,,,,,3,,,,,,,,730,,,,,,,,,,,,,,,558,,,,,,,,,,,,245,,,,,,,,,,10,,,,,,,,,,,,,,,,,111,,,,,,,,,,,,,77198,,,,,,802,,,,298,,,,,,,,,,,,,,,,,,861,,,,,,20,,,,103285,,,,
2025-01-21,,1132,,288,87,,,,,,,,,,,,,,,733,,,,,,,,,,,,,,,323,,,,,,,,,,,,,,,20,,,43,,,,,,,18,,,,,,,,,,,,,,,,,,,,,,,,,,,,,,,,,,,,,,6151,,,,,,,,,,,,,,,,,,,,,,,,,,,,,,,,273,,,,,,,,,,,,,,,,,,,,,,13152,,,,,,,,,229,,,,,,,3,,,,,,,,730,,,,,,,,,,,,,,,558,,,,,,,,,,,,245,,,,,,,,,,10,,,,,,,,,,,,,,,,,111,,,,,,,,,,,,,77198,,,,,,802,,,,298,,,,,,,,,,,,,,,,,,861,,,,,,20,,,,103285,,,,
2025-01-22,,1132,,288,87,,,,,,,,,,,,,,,733,,,,,,,,,,,,,,,323,,,,,,,,,,,,,,,20,,,43,,,,,,,18,,,,,,,,,,,,,,,,,,,,,,,,,,,,,,,,,,,,,,6151,,,,,,,,,,,,,,,,,,,,,,,,,,,,,,,,273,,,,,,,,,,,,,,,,,,,,,,13152,,,,,,,,,229,,,,,,,3,,,,,,,,730,,,,,,,,,,,,,,,558,,,,,,,,,,,,245,,,,,,,,,,10,,,,,,,,,,,,,,,,,111,,,,,,,,,,,,,77198,,,,,,802,,,,298,,,,,,,,,,,,,,,,,,861,,,,,,20,,,,103285,,,,
2025-01-23,,1132,,288,87,,,,,,,,,,,,,,,733,,,,,,,,,,,,,,,323,,,,,,,,,,,,,,,20,,,43,,,,,,,18,,,,,,,,,,,,,,,,,,,,,,,,,,,,,,,,,,,,,,6151,,,,,,,,,,,,,,,,,,,,,,,,,,,,,,,,273,,,,,,,,,,,,,,,,,,,,,,13152,,,,,,,,,229,,,,,,,3,,,,,,,,730,,,,,,,,,,,,,,,558,,,,,,,,,,,,245,,,,,,,,,,10,,,,,,,,,,,,,,,,,111,,,,,,,,,,,,,77198,,,,,,802,,,,298,,,,,,,,,,,,,,,,,,861,,,,,,24,,,,103289,,,,
2025-01-24,,1132,,288,87,,,,,,,,,,,,,,,733,,,,,,,,,,,,,,,323,,,,,,,,,,,,,,,20,,,43,,,,,,,18,,,,,,,,,,,,,,,,,,,,,,,,,,,,,,,,,,,,,,6151,,,,,,,,,,,,,,,,,,,,,,,,,,,,,,,,273,,,,,,,,,,,,,,,,,,,,,,13152,,,,,,,,,229,,,,,,,3,,,,,,,,730,,,,,,,,,,,,,,,558,,,,,,,,,,,,245,,,,,,,,,,10,,,,,,,,,,,,,,,,,111,,,,,,,,,,,,,77198,,,,,,802,,,,298,,,,,,,,,,,,,,,,,,861,,,,,,24,,,,103289,,,,
2025-01-25,,1132,,288,87,,,,,,,,,,,,,,,733,,,,,,,,,,,,,,,323,,,,,,,,,,,,,,,20,,,43,,,,,,,18,,,,,,,,,,,,,,,,,,,,,,,,,,,,,,,,,,,,,,6151,,,,,,,,,,,,,,,,,,,,,,,,,,,,,,,,273,,,,,,,,,,,,,,,,,,,,,,13152,,,,,,,,,229,,,,,,,3,,,,,,,,730,,,,,,,,,,,,,,,558,,,,,,,,,,,,245,,,,,,,,,,10,,,,,,,,,,,,,,,,,111,,,,,,,,,,,,,77198,,,,,,802,,,,298,,,,,,,,,,,,,,,,,,861,,,,,,24,,,,103289,,,,
2025-01-26,,1132,,288,87,,,,,,,,,,,,,,,733,,,,,,,,,,,,,,,323,,,,,,,,,,,,,,,20,,,43,,,,,,,18,,,,,,,,,,,,,,,,,,,,,,,,,,,,,,,,,,,,,,6151,,,,,,,,,,,,,,,,,,,,,,,,,,,,,,,,273,,,,,,,,,,,,,,,,,,,,,,13152,,,,,,,,,229,,,,,,,3,,,,,,,,730,,,,,,,,,,,,,,,558,,,,,,,,,,,,245,,,,,,,,,,10,,,,,,,,,,,,,,,,,111,,,,,,,,,,,,,77198,,,,,,802,,,,298,,,,,,,,,,,,,,,,,,861,,,,,,24,,,,103289,,,,
2025-01-27,,1132,,288,87,,,,,,,,,,,,,,,733,,,,,,,,,,,,,,,323,,,,,,,,,,,,,,,20,,,43,,,,,,,18,,,,,,,,,,,,,,,,,,,,,,,,,,,,,,,,,,,,,,6151,,,,,,,,,,,,,,,,,,,,,,,,,,,,,,,,273,,,,,,,,,,,,,,,,,,,,,,13152,,,,,,,,,229,,,,,,,3,,,,,,,,730,,,,,,,,,,,,,,,558,,,,,,,,,,,,245,,,,,,,,,,10,,,,,,,,,,,,,,,,,111,,,,,,,,,,,,,77198,,,,,,802,,,,298,,,,,,,,,,,,,,,,,,861,,,,,,24,,,,103285,,,,
2025-01-28,,1132,,288,87,,,,,,,,,,,,,,,733,,,,,,,,,,,,,,,323,,,,,,,,,,,,,,,20,,,43,,,,,,,18,,,,,,,,,,,,,,,,,,,,,,,,,,,,,,,,,,,,,,6151,,,,,,,,,,,,,,,,,,,,,,,,,,,,,,,,273,,,,,,,,,,,,,,,,,,,,,,13152,,,,,,,,,229,,,,,,,3,,,,,,,,730,,,,,,,,,,,,,,,558,,,,,,,,,,,,245,,,,,,,,,,10,,,,,,,,,,,,,,,,,111,,,,,,,,,,,,,77198,,,,,,802,,,,298,,,,,,,,,,,,,,,,,,861,,,,,,24,,,,103285,,,,
2025-01-29,,1132,,288,88,,,,,,,,,,,,,,,733,,,,,,,,,,,,,,,323,,,,,,,,,,,,,,,20,,,43,,,,,,,18,,,,,,,,,,,,,,,,,,,,,,,,,,,,,,,,,,,,,,6151,,,,,,,,,,,,,,,,,,,,,,,,,,,,,,,,273,,,,,,,,,,,,,,,,,,,,,,13152,,,,,,,,,229,,,,,,,3,,,,,,,,730,,,,,,,,,,,,,,,558,,,,,,,,,,,,245,,,,,,,,,,10,,,,,,,,,,,,,,,,,111,,,,,,,,,,,,,77198,,,,,,802,,,,298,,,,,,,,,,,,,,,,,,861,,,,,,24,,,,103285,,,,
2025-01-30,,1132,,288,88,,,,,,,,,,,,,,,733,,,,,,,,,,,,,,,323,,,,,,,,,,,,,,,20,,,43,,,,,,,18,,,,,,,,,,,,,,,,,,,,,,,,,,,,,,,,,,,,,,6151,,,,,,,,,,,,,,,,,,,,,,,,,,,,,,,,273,,,,,,,,,,,,,,,,,,,,,,13152,,,,,,,,,229,,,,,,,3,,,,,,,,730,,,,,,,,,,,,,,,558,,,,,,,,,,,,245,,,,,,,,,,10,,,,,,,,,,,,,,,,,111,,,,,,,,,,,,,77198,,,,,,802,,,,298,,,,,,,,,,,,,,,,,,861,,,,,,24,,,,103285,,,,
2025-01-31,,1132,,288,88,,,,,,,,,,,,,,,733,,,,,,,,,,,,,,,323,,,,,,,,,,,,,,,20,,,43,,,,,,,18,,,,,,,,,,,,,,,,,,,,,,,,,,,,,,,,,,,,,,6151,,,,,,,,,,,,,,,,,,,,,,,,,,,,,,,,273,,,,,,,,,,,,,,,,,,,,,,13152,,,,,,,,,229,,,,,,,3,,,,,,,,730,,,,,,,,,,,,,,,558,,,,,,,,,,,,245,,,,,,,,,,10,,,,,,,,,,,,,,,,,111,,,,,,,,,,,,,77198,,,,,,802,,,,298,,,,,,,,,,,,,,,,,,861,,,,,,24,,,,103285,,,,
2025-02-01,,1132,,289,88,,,,,,,,,,,,,,,733,,,,,,,,,,,,,,,323,,,,,,,,,,,,,,,20,,,43,,,,,,,18,,,,,,,,,,,,,,,,,,,,,,,,,,,,,,,,,,,,,,6151,,,,,,,,,,,,,,,,,,,,,,,,,,,,,,,,273,,,,,,,,,,,,,,,,,,,,,,13153,,,,,,,,,229,,,,,,,3,,,,,,,,730,,,,,,,,,,,,,,,558,,,,,,,,,,,,246,,,,,,,,,,10,,,,,,,,,,,,,,,,,111,,,,,,,,,,,,,77198,,,,,,802,,,,311,,,,,,,,,,,,,,,,,,861,,,,,,24,,,,103306,,,,
2025-02-02,,1132,,289,88,,,,,,,,,,,,,,,733,,,,,,,,,,,,,,,323,,,,,,,,,,,,,,,20,,,43,,,,,,,18,,,,,,,,,,,,,,,,,,,,,,,,,,,,,,,,,,,,,,6151,,,,,,,,,,,,,,,,,,,,,,,,,,,,,,,,273,,,,,,,,,,,,,,,,,,,,,,13153,,,,,,,,,229,,,,,,,3,,,,,,,,730,,,,,,,,,,,,,,,558,,,,,,,,,,,,246,,,,,,,,,,10,,,,,,,,,,,,,,,,,111,,,,,,,,,,,,,77198,,,,,,802,,,,311,,,,,,,,,,,,,,,,,,861,,,,,,24,,,,103306,,,,
2025-02-03,,1132,,289,88,,,,,,,,,,,,,,,733,,,,,,,,,,,,,,,323,,,,,,,,,,,,,,,20,,,43,,,,,,,18,,,,,,,,,,,,,,,,,,,,,,,,,,,,,,,,,,,,,,6151,,,,,,,,,,,,,,,,,,,,,,,,,,,,,,,,273,,,,,,,,,,,,,,,,,,,,,,13153,,,,,,,,,229,,,,,,,3,,,,,,,,730,,,,,,,,,,,,,,,558,,,,,,,,,,,,246,,,,,,,,,,10,,,,,,,,,,,,,,,,,111,,,,,,,,,,,,,77198,,,,,,802,,,,311,,,,,,,,,,,,,,,,,,861,,,,,,24,,,,103306,,,,
2025-02-04,,1132,,289,88,,,,,,,,,,,,,,,733,,,,,,,,,,,,,,,323,,,,,,,,,,,,,,,20,,,43,,,,,,,18,,,,,,,,,,,,,,,,,,,,,,,,,,,,,,,,,,,,,,6151,,,,,,,,,,,,,,,,,,,,,,,,,,,,,,,,273,,,,,,,,,,,,,,,,,,,,,,13153,,,,,,,,,229,,,,,,,3,,,,,,,,730,,,,,,,,,,,,,,,558,,,,,,,,,,,,246,,,,,,,,,,10,,,,,,,,,,,,,,,,,111,,,,,,,,,,,,,77198,,,,,,802,,,,311,,,,,,,,,,,,,,,,,,861,,,,,,24,,,,103306,,,,
2025-02-05,,1132,,289,88,,,,,,,,,,,,,,,733,,,,,,,,,,,,,,,323,,,,,,,,,,,,,,,20,,,43,,,,,,,18,,,,,,,,,,,,,,,,,,,,,,,,,,,,,,,,,,,,,,6151,,,,,,,,,,,,,,,,,,,,,,,,,,,,,,,,273,,,,,,,,,,,,,,,,,,,,,,13153,,,,,,,,,229,,,,,,,3,,,,,,,,730,,,,,,,,,,,,,,,558,,,,,,,,,,,,246,,,,,,,,,,10,,,,,,,,,,,,,,,,,111,,,,,,,,,,,,,77198,,,,,,802,,,,311,,,,,,,,,,,,,,,,,,861,,,,,,24,,,,103306,,,,
2025-02-06,,1132,,289,88,,,,,,,,,,,,,,,733,,,,,,,,,,,,,,,323,,,,,,,,,,,,,,,20,,,43,,,,,,,18,,,,,,,,,,,,,,,,,,,,,,,,,,,,,,,,,,,,,,6151,,,,,,,,,,,,,,,,,,,,,,,,,,,,,,,,273,,,,,,,,,,,,,,,,,,,,,,13153,,,,,,,,,229,,,,,,,3,,,,,,,,730,,,,,,,,,,,,,,,558,,,,,,,,,,,,246,,,,,,,,,,10,,,,,,,,,,,,,,,,,111,,,,,,,,,,,,,77198,,,,,,802,,,,311,,,,,,,,,,,,,,,,,,861,,,,,,24,,,,103313,,,,7
2025-02-07,,1132,,289,88,,,,,,,,,,,,,,,733,,,,,,,,,,,,,,,323,,,,,,,,,,,,,,,20,,,43,,,,,,,18,,,,,,,,,,,,,,,,,,,,,,,,,,,,,,,,,,,,,,6151,,,,,,,,,,,,,,,,,,,,,,,,,,,,,,,,273,,,,,,,,,,,,,,,,,,,,,,13153,,,,,,,,,229,,,,,,,3,,,,,,,,730,,,,,,,,,,,,,,,558,,,,,,,,,,,,246,,,,,,,,,,10,,,,,,,,,,,,,,,,,111,,,,,,,,,,,,,77198,,,,,,802,,,,311,,,,,,,,,,,,,,,,,,861,,,,,,24,,,,103313,,,,7
